,source,target,origin,prediction
0,dhrtarastra uvaca,dhṛtarāṣṭra uvāca,pdf,dhṛtarāṣṭra uvāca
1,dharma-ksetre kuru-ksetre samaveta yuyutsavah,dharma-kṣetre kuru-kṣetre samavetā yuyutsavaḥ,pdf,dharma-kṣetre kuru-kṣetre samaveta yuyutsavaḥ
2,mamakah pandavas caiva kim akurvata sanjaya,māmakāḥ pāṇḍavāś caiva kim akurvata sañjaya,pdf,mamakaḥ paṇḍavaś caiva kim akurvata sañjaya
3,karpanya-dosopahata-svabhavah,kārpaṇya-doṣopahata-svabhāvaḥ,pdf,karpaṇya-doṣopahata-svabhāvaḥ
4,prechami tvam dharma-sammudha-cetah,pṛcchāmi tvāṁ dharma-sammūḍha-cetāḥ,pdf,pṛcchāmi tvaṁ dharma-sammudha-cetaḥ
5,yac chreyah syan niscitam bruhi tan me,yac chreyaḥ syān niścitaṁ brūhi tan me,pdf,yac chreyaḥ syān niścitaṁ bruhi tān me
6,sisyas te 'ham sadhi mam tvam prapannam,śiṣyas te ’haṁ śādhi māṁ tvāṁ prapannam,pdf,śiṣyas te ’haṁ sadhi maṁ tvaṁ prapannaṁ
7,sri-bhagavan uvaca,śrī-bhagavān uvāca,pdf,śrī-bhagavān uvāca
8,asocyan anvasocas tvam prajna-vadams ca bhasase,aśocyān anvaśocas tvaṁ prajñā-vādāṁś ca bhāṣase,pdf,aśocyān anvaśocas tvaṁ prajña-vadāṁś ca bhāṣase
9,gatasun agatasums ca nanusocanti panditah,gatāsūn agatāsūṁś ca nānuśocanti paṇḍitāḥ,pdf,gatasūn agatasuṁś ca nanuśocanti paṇḍitaḥ
10,na tv evaham jatu nasam na tvam neme janadhipah,na tv evāhaṁ jātu nāsaṁ na tvaṁ neme janādhipāḥ,pdf,na tv evahaṁ jatu naśaṁ na tvaṁ neme janādhipaḥ
11,na caiva na bhavisyamah sarve vayam atah param,na caiva na bhaviṣyāmaḥ sarve vayam ataḥ param,pdf,na caiva na bhaviṣyamaḥ sarve vayam ataḥ param
12,dehino 'smin yatha dehe kaumaram yauvanam jara,dehino ’smin yathā dehe kaumāraṁ yauvanaṁ jarā,pdf,dehino ’smin yathā dehe kaumaraṁ yauvanaṁ jara
13,tatha dehantara-praptir dhiras tatra na muhyati,tathā dehāntara-prāptir dhīras tatra na muhyati,pdf,tathā dehantara-praptir dhiras tatra na muhyati
14,matra-sparsas tu kaunteya sitosna-sukha-duhkha-dah,mātrā-sparśās tu kaunteya śītoṣṇa-sukha-duḥkha-dāḥ,pdf,matra-sparśas tu kaunteya sitoṣṇa-sukha-duḥkha-daḥ
15,agamapayino 'nityas tams titiksasva bharata,āgamāpāyino ’nityās tāṁs titikṣasva bhārata,pdf,agamāpāyino ’nityas taṁs titikṣasva bhārata
16,avinasi tu tad viddhi yena sarvam idam tatam,avināśi tu tad viddhi yena sarvam idaṁ tatam,pdf,avinasi tu tad viddhi yena sarvam idaṁ tataṁ
17,vinasam avyayasyasya na kascit kartum arhati,vināśam avyayasyāsya na kaścit kartum arhati,pdf,vināśam avyayasyasya na kaścit kartum arhati
18,na jayate mriyate va kadacin nayam bhutva bhavita va na bhuyah,na jāyate mriyate vā kadācin nāyaṁ bhūtvā bhavitā vā na bhūyaḥ,pdf,nā jāyate mriyate va kadacin nayaṁ bhutvā bhavitā va na bhūyaḥ
19,ajo nityah sasvato 'yam purano na hanyate hanyamane sarire,ajo nityaḥ śāśvato ’yaṁ purāṇo na hanyate hanyamāne śarīre,pdf,ajo nityaḥ sasvato ’yaṁ puraṇo na hanyate hanyamāne sarīre
20,vasamsi jirnani yatha vihaya,vāsāṁsi jīrṇāni yathā vihāya,pdf,vasāṁsi jīrṇāni yathā vihāya
21,navani grhnati naro 'parani,navāni gṛhṇāti naro ’parāṇi,pdf,navani gṛhṇati naro ’parāṇi
22,tatha sarirani vihaya jirnany,tathā śarīrāṇi vihāya jīrṇāny,pdf,tathā sarīrāṇi vihaya jīrṇany
23,anyani samyati navani dehi,anyāni saṁyāti navāni dehī,pdf,anyāni samyati navani dehi
24,nainam chindanti sastrani nainam dahati pavakah,nainaṁ chindanti śastrāṇi nainaṁ dahati pāvakaḥ,pdf,nainaṁ chindanti śasṭrāṇi nainaṁ dahati pāvakaḥ
25,na cainam kledayanty apo na sosayati marutah,na cainaṁ kledayanty āpo na śoṣayati mārutaḥ,pdf,na cainaṁ kledayanty apo na śoṣayati mārutaḥ
26,nehabhikrama-naso 'sti pratyavayo na vidyate,nehābhikrama-nāśo ’sti pratyavāyo na vidyate,pdf,nehabhikrama-naśo ’sti pratyavayo na vidyate
27,sv-alpam apy asya dharmasya trayate mahato bhayat,sv-alpam apy asya dharmasya trāyate mahato bhayāt,pdf,sv-alpam apy asya dharmasya trayate mahato bhayāt
28,bhogaisvarya-prasaktanam tayapahrta-cetasam,bhogaiśvarya-prasaktānāṁ tayāpahṛta-cetasām,pdf,bhogaiśvarya-praśaktanaṁ tayāpahṛta-cetasam
29,vyavasayatmika buddhih samadhau na vidhiyate,vyavasāyātmikā buddhiḥ samādhau na vidhīyate,pdf,vyavasayātmika buddhiḥ samadhau na vidhiyate
30,karmany evadhikaras te ma phalesu kadacana,karmaṇy evādhikāras te mā phaleṣu kadācana,pdf,karmaṇy evadhikaras te ma phaleṣu kadācana
31,ma karma-phala-hetur bhur ma te sango 'stv akarmani,mā karma-phala-hetur bhūr mā te saṅgo ’stv akarmaṇi,pdf,ma karma-phala-hetur bhur ma te saṅgo ’stv akarmaṇi
32,visaya vinivartante niraharasya dehinah,viṣayā vinivartante nirāhārasya dehinaḥ,pdf,viṣaya vinivartante niraharasya dehināḥ
34,tani sarvani samyamya yukta asita mat-parah,tāni sarvāṇi saṁyamya yukta āsīta mat-paraḥ,pdf,tani sarvāṇi samyamya yukta āsīta mat-paraḥ
36,dhyayato visayan pumsah sangas tesupajayate,dhyāyato viṣayān puṁsaḥ saṅgas teṣūpajāyate,pdf,dhyāyato viśayān puṁsaḥ saṅgas teṣupajāyate
38,krodhad bhavati sammohah sammohat smrti-vibhramah,krodhād bhavati sammohaḥ sammohāt smṛti-vibhramaḥ,pdf,krodhad bhavati sammohaḥ sammohat smṛti-vibhramaḥ
39,smrti-bhramsad buddhi-naso buddhi-nasat pranasyati,smṛti-bhraṁśād buddhi-nāśo buddhi-nāśāt praṇaśyati,pdf,smṛti-bhrāṁśad buddhi-naśo buddhi-naśat praṇasyati
40,ya nisa sarva-bhutanam tasyam jagarti samyami,yā niśā sarva-bhūtānāṁ tasyāṁ jāgarti saṁyamī,pdf,ya niśa sarva-bhūtānaṁ tasyaṁ jagarti saṁyāmi
41,yasyam jagrati bhutani sa nisa pasyato muneh,yasyāṁ jāgrati bhūtāni sā niśā paśyato muneḥ,pdf,yasyaṁ jagrati bhūtāni sa niśa paśyato muneḥ
42,na hi kascit ksanam api jatu tisthaty akarma-krt,na hi kaścit kṣaṇam api jātu tiṣṭhaty akarma-kṛt,pdf,na hi kaścit kṣaṇam api jātu tiṣṭhaty akarma-kṛt
43,karyate hy avasah karma sarvah prakrti-jair gunaih,kāryate hy avaśaḥ karma sarvaḥ prakṛti-jair guṇaiḥ,pdf,karyate hy avasaḥ karma sarvaḥ prakṛti-jair guṇaiḥ
44,karmendriyani samyamya ya aste manasa smaran,karmendriyāṇi saṁyamya ya āste manasā smaran,pdf,karmendriyāṇi saṁyamya ya āste manasā smaran
45,indriyarthan vimudhatma mithyacarah sa ucyate,indriyārthān vimūḍhātmā mithyācāraḥ sa ucyate,pdf,indriyārthān vimudhātma mithyācaraḥ sa ucyate
46,niyatam kuru karma tvam karma jyayo hy akarmanah,niyataṁ kuru karma tvaṁ karma jyāyo hy akarmaṇaḥ,pdf,niyataṁ kuru karma tvaṁ karma jyayo hy akarmaṇaḥ
48,yajnarthat karmano 'nyatra loko 'yam karma-bandhanah,yajñārthāt karmaṇo ’nyatra loko ’yaṁ karma-bandhanaḥ,pdf,yajñārthat karmaṇo ’nyatra loko ’yaṁ karma-bandhanaḥ
49,tad-artham karma kaunteya mukta-sangah samacara,tad-arthaṁ karma kaunteya mukta-saṅgaḥ samācara,pdf,tad-arthaṁ karma kaunteya mukta-saṅgaḥ samācara
52,annad bhavanti bhutani parjanyad anna-sambhavah,annād bhavanti bhūtāni parjanyād anna-sambhavaḥ,pdf,annad bhavanti bhūtāni parjanyad anna-sambhavaḥ
54,ajo 'pi sann avyayatma bhutanam isvaro 'pi san,ajo ’pi sann avyayātmā bhūtānām īśvaro ’pi san,pdf,ajo ’pi sann avyayātma bhūtānām īśvaro ’pi sān
55,prakrtim svam adhisthaya sambhavamy atma-mayaya,prakṛtiṁ svām adhiṣṭhāya sambhavāmy ātma-māyayā,pdf,prakṛtiṁ svam adhiṣṭhaya sambhavāmy ātma-māyayā
56,yada yada hi dharmasya glanir bhavati bharata,yadā yadā hi dharmasya glānir bhavati bhārata,pdf,yadā yadā hi dharmasya glanir bhavāti bharata
57,abhyutthanam adharmasya tadatmanam sriamy aham,abhyutthānam adharmasya tadātmānaṁ sṛjāmy aham,pdf,abhyutthānam adharmasya tadātmanaṁ sṛjāmy aham
58,paritranaya sadhunam vinasaya ca duskrtam,paritrāṇāya sādhūnāṁ vināśāya ca duṣkṛtām,pdf,paritrāṇāya sadhunaṁ vinaśaya ca duṣkṛtam
59,dharma-samsthapanarthaya sambhavami yuge yuge,dharma-saṁsthāpanārthāya sambhavāmi yuge yuge,pdf,dharma-saṁsthapanārthaya sambhavāmi yuge yuge
60,janma karma ca me divyam evam yo vetti tattvatah,janma karma ca me divyam evaṁ yo vetti tattvataḥ,pdf,janma karma ca me divyam evaṁ yo vetti tattvataḥ
61,tyaktva deham punar janma naiti mam eti so 'rjuna,tyaktvā dehaṁ punar janma naiti mām eti so ’rjuna,pdf,tyaktvā dehaṁ punar janma naiti mam eti so ’rjunā
62,ye yatha mam prapadyante tams tathaiva bhajamy aham,ye yathā māṁ prapadyante tāṁs tathaiva bhajāmy aham,pdf,ye yathā maṁ prapadyante taṁs tathaiva bhajamy aham
63,mama vartmanuvartante manusyah partha sarvasah,mama vartmānuvartante manuṣyāḥ pārtha sarvaśaḥ,pdf,māma vartmanuvartante manuṣyaḥ partha sarvaśaḥ
64,catur-varnyam maya srstam guna-karma-vibhagasah,cātur-varṇyaṁ mayā sṛṣṭaṁ guṇa-karma-vibhāgaśaḥ,pdf,catur-varṇyaṁ maya sṛṣṭaṁ guṇa-karma-vibhāgaśāḥ
65,tasya kartaram api mam viddhy akartaram avyayam,tasya kartāram api māṁ viddhy akartāram avyayam,pdf,tasya kartaram api maṁ viddhy akartaram āvyayam
66,tad viddhi pranipatena pariprasnena sevaya,tad viddhi praṇipātena paripraśnena sevayā,pdf,tad viddhi praṇīpatena pariprasnena sevayā
68,vidya-vinaya-sampanne brahmane gavi hastini,vidyā-vinaya-sampanne brāhmaṇe gavi hastini,pdf,vidya-vināya-sampanne brahmaṇe gavi hastini
69,suni caiva sva-pake ca panditah sama-darsinah,śuni caiva śva-pāke ca paṇḍitāḥ sama-darśinaḥ,pdf,sūni caiva sva-pake ca paṇḍitaḥ sama-darśinaḥ
70,ye hi samsparsa-ja bhoga duhkha-yonaya eva te,ye hi saṁsparśa-jā bhogā duḥkha-yonaya eva te,pdf,ye hi saṁsparśa-ja bhoga duḥkha-yonaya eva te
71,ady-antavantah kaunteya na tesu ramate budhah,ādy-antavantaḥ kaunteya na teṣu ramate budhaḥ,pdf,ādy-antavantaḥ kaunteya na teṣu ramate budhaḥ
74,$ri-bhagavan uvaca,śrī-bhagavān uvāca,pdf,śrī-bhagavān uvāca
75,anasritah karma-phalam karyam karma karoti yah,anāśritaḥ karma-phalaṁ kāryaṁ karma karoti yaḥ,pdf,anāśritaḥ karma-phalaṁ karyaṁ karma karoti yaḥ
76,sa sannyasi ca yogi ca na niragnir na cakriyah,sa sannyāsī ca yogī ca na niragnir na cākriyaḥ,pdf,sa sannyasi ca yogi ca na niragnir na cakriyāḥ
77,uddhared atmanatmanam natmanam avasadayet,uddhared ātmanātmānaṁ nātmānam avasādayet,pdf,uddhared ātmanātmanaṁ nātmanam avasādayet
78,atmaiva hy atmano bandhur atmaiva ripur atmanah,ātmaiva hy ātmano bandhur ātmaiva ripur ātmanaḥ,pdf,ātmaiva hy ātmano bandhur ātmaiva ripur ātmanaḥ
79,yuktahara-viharasya yukta-cestasya karmasu,yuktāhāra-vihārasya yukta-ceṣṭasya karmasu,pdf,yuktāhāra-vihārasya yukta-ceṣṭasya karmasu
80,yukta-svapnavabodhasya yogo bhavati duhkha-ha,yukta-svapnāvabodhasya yogo bhavati duḥkha-hā,pdf,yukta-svapnavabodhasya yogo bhavati duḥkha-hā
81,sukham atyantikam yat tad buddhi-grahyam atindriyam,sukham ātyantikaṁ yat tad buddhi-grāhyam atīndriyam,pdf,sukham atyantikaṁ yat tad buddhi-grahyam atindriyam
82,vetti yatra na caivayam sthitas calati tattvatah,vetti yatra na caivāyaṁ sthitaś calati tattvataḥ,pdf,vetti yatra na caivayaṁ sthitaś calati tattvataḥ
83,yam labdhva caparam labham manyate nadhikam tatah,yaṁ labdhvā cāparaṁ lābhaṁ manyate nādhikaṁ tataḥ,pdf,yaṁ labdhvā caparaṁ labhaṁ manyate nadhikaṁ tataḥ
84,yasmin sthito na duhkhena gurunapi vicalyate,yasmin sthito na duḥkhena guruṇāpi vicālyate,pdf,yasmin sthito na duḥkhena guruṇāpi vicalyate
87,tatas tato niyamyaitad atmany eva vasam nayet,tatas tato niyamyaitad ātmany eva vaśaṁ nayet,pdf,tatas tato niyamyaitad ātmany eva vasaṁ nayet
88,yo mam pasyati sarvatra sarvam ca mayi pasyati,yo māṁ paśyati sarvatra sarvaṁ ca mayi paśyati,pdf,yo maṁ paśyati sarvatra sarvaṁ ca mayi paśyati
89,tasyaham na pranasyami sa ca me na pranasyati,tasyāhaṁ na praṇaśyāmi sa ca me na praṇaśyati,pdf,tasyahaṁ na praṇasyami sa ca me na praṇasyati
91,tasyaham nigraham manye vayor iva su-duskaram,tasyāhaṁ nigrahaṁ manye vāyor iva su-duṣkaram,pdf,tasyahaṁ nigrahaṁ manye vayor iva su-duṣkaram
92,prapya punya-krtam lokan usitva sasvatih samah,prāpya puṇya-kṛtāṁ lokān uṣitvā śāśvatīḥ samāḥ,pdf,prāpya puṇya-kṛtaṁ lokān uṣitva saśvatiḥ samaḥ
93,sucinam srimatam gehe yoga-bhrasto 'bhijayate,śucīnāṁ śrīmatāṁ gehe yoga-bhraṣṭo ’bhijāyate,pdf,sūcināṁ śrīmataṁ gehe yoga-bhraṣṭo ’bhijāyate
94,yoginam api sarvesam mad-gatenantar-atmana,yoginām api sarveṣāṁ mad-gatenāntar-ātmanā,pdf,yogīnām api sarveṣaṁ mad-gatenantar-ātmanā
96,sri-bhagavan uvaca,śrī-bhagavān uvāca,pdf,śrī-bhagavān uvāca
99,manusyanam sahasresu kascid yatati siddhaye,manuṣyāṇāṁ sahasreṣu kaścid yatati siddhaye,pdf,manuṣyānaṁ sahasreśu kaścid yatati siddhaye
100,yatatam api siddhanam kascin mam vetti tattvatah,yatatām api siddhānāṁ kaścin māṁ vetti tattvataḥ,pdf,yatatam api siddhānaṁ kaścin maṁ vetti tattvataḥ
101,bhumir apo 'nalo vayuh kham mano buddhir eva ca,bhūmir āpo ’nalo vāyuḥ khaṁ mano buddhir eva ca,pdf,bhūmir apo ’nalo vāyuḥ khaṁ mano buddhir eva ca
102,ahankara itiyam me bhinna prakrtir astadha,ahaṅkāra itīyaṁ me bhinnā prakṛtir aṣṭadhā,pdf,ahaṅkāra itiyaṁ me bhinna prakṛtir astadha
103,apareyam itas tv anyam prakrtim viddhi me param,apareyam itas tv anyāṁ prakṛtiṁ viddhi me parām,pdf,apareyam itas tv anyaṁ prakṛtiṁ viddhi me param
104,jiva-bhutam maha-baho yayedam dharyate jagat,jīva-bhūtāṁ mahā-bāho yayedaṁ dhāryate jagat,pdf,jīva-bhūtaṁ maha-baho yayedaṁ dharyate jagat
105,mattah parataram nanyat kifcid asti dhananijaya,mattaḥ parataraṁ nānyat kiñcid asti dhanañ-jaya,pdf,mattaḥ parataraṁ nanyat kijcid asti dhananijāya
106,mayi sarvam idam protam sutre mani-gana iva,mayi sarvam idaṁ protaṁ sūtre maṇi-gaṇā iva,pdf,mayi sarvam idaṁ protaṁ sutre maṇi-gaṇā iva
107,raso 'ham apsu kaunteya prabhasmi sasi-suryayoh,raso ’ham apsu kaunteya prabhāsmi śaśi-sūryayoḥ,pdf,raso ’ham apsu kaunteya prabhasmi śaśi-sūryayoḥ
108,pranavah sarva-vedesu sabdah khe paurusam nrsu,praṇavaḥ sarva-vedeṣu śabdaḥ khe pauruṣaṁ nṛṣu,pdf,praṇavaḥ sarva-vedeśu śabdaḥ khe pauruṣaṁ nṛṣu
109,balam balavatam caham kama-raga-vivarjitam,balaṁ balavatāṁ cāhaṁ kāma-rāga-vivarjitam,pdf,balaṁ balavatāṁ cahaṁ kama-raga-vivarjitam
110,dharmaviruddho bhutesu kamo 'smi bharatarsabha,dharmāviruddho bhūteṣu kāmo ’smi bharatarṣabha,pdf,dharmaviruddho bhūteṣu kamo ’smi bharatarṣabha
111,tribhir guna-mayair bhavair ebhih sarvam idam jagat,tribhir guṇa-mayair bhāvair ebhiḥ sarvam idaṁ jagat,pdf,tribhir guṇa-mayair bhavair ebhiḥ sarvam idaṁ jagat
112,mohitam nabhijanati mam ebhyah param avyayam,mohitaṁ nābhijānāti mām ebhyaḥ param avyayam,pdf,mohitaṁ nābhijanati mam ebhyaḥ param āvyayam
113,daivi hy esa guna-mayi mama maya duratyaya,daivī hy eṣā guṇa-mayī mama māyā duratyayā,pdf,daivi hy eṣa guṇa-mayi māma mayā duratyayā
114,mam eva ye prapadyante mayam etam taranti te,mām eva ye prapadyante māyām etāṁ taranti te,pdf,mam eva ye prapadyante mayam etaṁ taranti te
115,na mam duskrtino mudhah prapadyante naradhamah,na māṁ duṣkṛtino mūḍhāḥ prapadyante narādhamāḥ,pdf,na maṁ duṣkṛtino mudhaḥ prapadyante narādhamaḥ
116,mayayapahrta-jfana asuram bhavam asritah,māyayāpahṛta-jñānā āsuraṁ bhāvam āśritāḥ,pdf,māyāyāpahṛta-jhana āsuraṁ bhavam aśritaḥ
120,vasudevah sarvam iti sa mahatma su-durlabhah,vāsudevaḥ sarvam iti sa mahātmā su-durlabhaḥ,pdf,vāsudevaḥ sarvam iti sa mahātma su-durlabhaḥ
121,kamais tais tair hrta-jnanah prapadyante 'nya-devatah,kāmais tais tair hṛta-jñānāḥ prapadyante ’nya-devatāḥ,pdf,kāmais tais tair hṛta-jñanaḥ prapadyante ’nya-devatāḥ
122,tam tam niyamam asthaya prakrtya niyatah svaya,taṁ taṁ niyamam āsthāya prakṛtyā niyatāḥ svayā,pdf,taṁ taṁ niyamām asthāya prakṛtya niyataḥ svaya
123,antavat tu phalam tesam tad bhavaty alpa-medhasam,antavat tu phalaṁ teṣāṁ tad bhavaty alpa-medhasām,pdf,antavat tu phalaṁ teṣaṁ tad bhavaty alpa-medhasaṁ
124,devan deva-yajo yanti mad-bhakta-yanti mam api,devān deva-yajo yānti mad-bhaktā yānti mām api,pdf,devān deva-yajo yanti mad-bhakta-yanti mam āpi
125,avyaktam vyaktim apannam manyante mam abuddhayah,avyaktaṁ vyaktim āpannaṁ manyante mām abuddhayaḥ,pdf,avyaktaṁ vyaktim apannaṁ manyante mam abuddhayaḥ
126,param bhavam ajananto mamavyayam anuttamam,paraṁ bhāvam ajānanto mamāvyayam anuttamam,pdf,paraṁ bhavam ajananto mamavyayam anuttamaṁ
127,naham prakasah sarvasya yoga-maya-savavrtah,nāhaṁ prakāśaḥ sarvasya yoga-māyā-samāvṛtaḥ,pdf,nahaṁ prakāśaḥ sarvasya yoga-maya-savāvṛtaḥ
128,mugho 'yam nabhijanati loko mam ajam avyayam,mūḍho ’yaṁ nābhijānāti loko mām ajam avyayam,pdf,mugho ’yaṁ nabhijanati loko mam ajam avyayaṁ
129,vedaham samatitani vartamanani carjuna,vedāhaṁ samatītāni vartamānāni cārjuna,pdf,vedahaṁ samatitāni vartamanāni carjunā
130,bhavisyani ca bhutani mam tu veda na kascana,bhaviṣyāṇi ca bhūtāni māṁ tu veda na kaścana,pdf,bhaviṣyāṇi ca bhūtāni maṁ tu veda na kaścana
131,iccha-dvesa samutthena dvandva-mohena bharata,icchā-dveṣa-samutthena dvandva-mohena bhārata,pdf,iccha-dveṣā samutthena dvandva-mohena bharata
132,sarva-bhutani sammoham sarge yanti parantapa,sarva-bhūtāni sammohaṁ sarge yānti parantapa,pdf,sarva-bhūtāni sammohaṁ sarge yanti parantapa
133,yesam tv anta-gatam papam jananam punya-karmanam,yeṣāṁ tv anta-gataṁ pāpaṁ janānāṁ puṇya-karmaṇām,pdf,yeṣāṁ tv anta-gataṁ papaṁ jananāṁ puṇya-karmaṇām
134,te dvandva-moha-nirmukta bhajante mam drdha-vratah,te dvandva-moha-nirmuktā bhajante māṁ dṛḍha-vratāḥ,pdf,te dvāndvā-moha-nirmukta bhajante maṁ dṛḍha-vrataḥ
135,anta-kale ca mam eva smaran muktva kalevaram,anta-kāle ca mām eva smaran muktvā kalevaram,pdf,anta-kale ca mam eva smaran muktvā kalevaram
136,yah prayati sa mad-bhavam yati nasty atra samsayah,yaḥ prayāti sa mad-bhāvaṁ yāti nāsty atra saṁśayaḥ,pdf,yaḥ prayāti sa mad-bhavaṁ yati nasṭy atra saṁśayaḥ
137,yam yam vapi smaran bhavam tyajaty ante kalevaram,yaṁ yaṁ vāpi smaran bhāvaṁ tyajaty ante kalevaram,pdf,yaṁ yaṁ vapi smaran bhavaṁ tyajaty ante kalevaram
138,tam tam evaiti kaunteya sada tad-bhava-bhavitah,taṁ tam evaiti kaunteya sadā tad-bhāva-bhāvitaḥ,pdf,taṁ tam evaiti kaunteya sada tad-bhava-bhāvitaḥ
139,mam upetya punar janma duhkhalayam asasvatam,mām upetya punar janma duḥkhālayam aśāśvatam,pdf,mam upetya punar janma duḥkhalayām aśasvatām
140,napnuvanti mahatmanah samsiddhim paramam gatah,nāpnuvanti mahātmānaḥ saṁsiddhiṁ paramāṁ gatāḥ,pdf,nāpnuvanti mahātmanaḥ saṁsiddhiṁ paramaṁ gataḥ
141,a-brahma-bhuvanal lokah punar avartino 'rjuna,ā-brahma-bhuvanāl lokāḥ punar āvartino ’rjuna,pdf,a-brahma-bhuvanal lokaḥ punar avartino ’rjunā
142,mam upetya tu kaunteya punar janma na vidyate,mām upetya tu kaunteya punar janma na vidyate,pdf,mam upetya tu kaunteya punar janma na vidyate
144,ratrim yuga-sahasrantam te 'ho-ratra-vido janah,rātriṁ yuga-sahasrāntāṁ te ’ho-rātra-vido janāḥ,pdf,rātriṁ yuga-sahasrantaṁ te ’ho-ratra-vido janaḥ
145,bhuta-gramah sa evayam bhutva bhutva praliyate,bhūta-grāmaḥ sa evāyaṁ bhūtvā bhūtvā pralīyate,pdf,bhūta-gramaḥ sa evayaṁ bhutvā bhūtvā pralīyate
146,ratry-agame 'vasah partha prabhavaty ahar-agame,rātry-āgame ’vaśaḥ pārtha prabhavaty ahar-āgame,pdf,rātry-agame ’vasaḥ partha prabhavaty ahar-āgame
147,paras tasmat tu bhavo 'nyo 'vyakto 'vyaktat sanatanah,paras tasmāt tu bhāvo ’nyo ’vyakto ’vyaktāt sanātanaḥ,pdf,paras tasmāt tu bhavo ’nyo ’vyakto ’vyaktat sanātanaḥ
148,yah sa sarvesu bhutesu nasyatsu na vinasyati,yaḥ sa sarveṣu bhūteṣu naśyatsu na vinaśyati,pdf,yaḥ sa sarveṣu bhūteṣu nasyatsu na vinaśyati
149,raja-vidya raja-guhyam pavitram idam uttamam,rāja-vidyā rāja-guhyaṁ pavitram idam uttamam,pdf,rāja-vidyā raja-guhyaṁ pavitram idam uttamaṁ
150,pratyaksavagamam dharmyam su-sukham kartum avyayam,pratyakṣāvagamaṁ dharmyaṁ su-sukhaṁ kartum avyayam,pdf,pratyakṣavagamaṁ dharmyaṁ su-sukhaṁ kartum avyayaṁ
152,aprapya mam nivartante mrtyu-samsara-vartmani,aprāpya māṁ nivartante mṛtyu-saṁsāra-vartmani,pdf,aprapya maṁ nivartante mṛtyu-saṁsara-vartmani
153,maya tatam idam sarvam jagad avyakta-murtina,mayā tatam idaṁ sarvaṁ jagad avyakta-mūrtinā,pdf,mayā tatam idaṁ sarvaṁ jagad avyakta-mūrtinā
154,mat-sthani sarva-bhutani na caham tesv avasthitah,mat-sthāni sarva-bhūtāni na cāhaṁ teṣv avasthitaḥ,pdf,mat-sthāni sarva-bhūtāni na cahaṁ teṣv avasthitaḥ
155,na ca mat-sthani bhutani pasya me yogam aisvaram,na ca mat-sthāni bhūtāni paśya me yogam aiśvaram,pdf,na ca mat-sthāni bhūtāni paśya me yogam aiśvaram
157,mayadhyaksena prakrtih suyate sa-caracaram,mayādhyakṣeṇa prakṛtiḥ sūyate sa-carācaram,pdf,mayādhyakṣeṇa prakṛtiḥ sūyate sa-carācaram
158,hetunanena kaunteya jagad viparivartate,hetunānena kaunteya jagad viparivartate,pdf,hetunānena kaunteya jagad viparivartate
159,avajananti mam mudha manusim tanum asritam,avajānanti māṁ mūḍhā mānuṣīṁ tanum āśritam,pdf,āvajananti maṁ mūdha manuṣiṁ tanum aśritam
160,param bhavam ajananto mama bhuta-mahesvaram,paraṁ bhāvam ajānanto mama bhūta-maheśvaram,pdf,paraṁ bhavam ajananto mama bhūta-maheśvaram
161,moghasa mogha-karmano mogha-jnana vicetasah,moghāśā mogha-karmāṇo mogha-jñānā vicetasaḥ,pdf,moghasā mogha-karmaṇo mogha-jñāna vicetasaḥ
162,raksasim asurim caiva prakrtim mohinim sritah,rākṣasīm āsurīṁ caiva prakṛtiṁ mohinīṁ śritāḥ,pdf,rākṣasim asurīṁ caiva prakṛtiṁ mohinīṁ śrītaḥ
163,mahatmanas tu mam partha daivim prakrtim asritah,mahātmānas tu māṁ pārtha daivīṁ prakṛtim āśritāḥ,pdf,mahātmanas tu maṁ partha daiviṁ prakṛtim āśritaḥ
164,bhajanty ananya-manaso jhatva bhutadim avyayam,bhajanty ananya-manaso jñātvā bhūtādim avyayam,pdf,bhajanty ananya-manaso jhatva bhūtadim avyayam
165,satatam kirtayanto mam yatantas ca drdha-vratah,satataṁ kīrtayanto māṁ yatantaś ca dṛḍha-vratāḥ,pdf,satataṁ kīrtayanto maṁ yatantaś ca dṛḍha-vrataḥ
166,namasyantas ca mam bhaktya nitya-yukta upasate,namasyantaś ca māṁ bhaktyā nitya-yuktā upāsate,pdf,namasyantaś ca maṁ bhaktyā nitya-yukta upāsate
167,pitaham asya jagato mata dhata pitamahah,pitāham asya jagato mātā dhātā pitāmahaḥ,pdf,pitāhām asya jagato mata dhata pitāmahaḥ
169,te tam bhuktva svarga-lokam visalam,te taṁ bhuktvā svarga-lokaṁ viśālaṁ,pdf,te taṁ bhuktvā svarga-lokaṁ viśalam
170,ksine punye martya-lokam visanti,kṣīṇe puṇye martya-lokaṁ viśanti,pdf,kṣiṇe punye martya-lokaṁ viśanti
171,evam trayi-dharmam anuprapanna,evaṁ trayī-dharmam anuprapannā,pdf,evaṁ trayi-dharmam anuprapannā
172,gatagatam kama-kama labhante,gatāgataṁ kāma-kāmā labhante,pdf,gatāgataṁ kāma-kāma labhānte
173,ananyas cintayanto mam ye janah paryupasate,ananyāś cintayanto māṁ ye janāḥ paryupāsate,pdf,ananyaś cintayanto maṁ ye janaḥ paryupāsate
174,tesam nityabhiyuktanam yoga-ksemam vahamy aham,teṣāṁ nityābhiyuktānāṁ yoga-kṣemaṁ vahāmy aham,pdf,teṣāṁ nityābhiyuktanaṁ yoga-kṣemaṁ vahamy aham
175,ye 'py anya-devata-bhakta yajante sraddhayanvitah,ye ’py anya-devatā-bhaktā yajante śraddhayānvitāḥ,pdf,ye ’py anya-devata-bhakta yajante śraddhayānvitaḥ
176,te 'pi mam eva kaunteya yajanty avidhi-purvakam,te ’pi mām eva kaunteya yajanty avidhi-pūrvakam,pdf,te ’pi mam eva kaunteya yajanty avidhi-pūrvakam
177,yanti deva-vrata devan pitrn yanti pitr-vratah,yānti deva-vratā devān pitṝn yānti pitṛ-vratāḥ,pdf,yanti deva-vrata devan pitṝn yanti pitṛ-vrataḥ
178,bhutani yanti bhutejya yanti mad-yajino 'pi mam,bhūtāni yānti bhūtejyā yānti mad-yājino ’pi mām,pdf,bhūtāni yanti bhūtejya yanti mad-yajino ’pi mam
180,tad aham bhakty-upahrtam asnami prayatatmanah,tad ahaṁ bhakty-upahṛtam aśnāmi prayatātmanaḥ,pdf,tad ahaṁ bhakty-upahṛtam asnāmi prayatātmanaḥ
181,yat karosi yad asnasi yaj juhosi dadasi yat,yat karoṣi yad aśnāsi yaj juhoṣi dadāsi yat,pdf,yat karoṣi yad asnāsi yaj juhoṣi dadāsi yat
182,yat tapasyasi kaunteya tat kurusva mad-arpanam,yat tapasyasi kaunteya tat kuruṣva mad-arpaṇam,pdf,yat tapasyasi kaunteya tat kuruṣva mad-arpaṇaṁ
183,samo 'ham sarva-bhutesu na me dvesyo 'sti na priyah,samo ’haṁ sarva-bhūteṣu na me dveṣyo ’sti na priyaḥ,pdf,samo ’haṁ sarva-bhūteṣu na me dveṣyo ’sti na priyaḥ
184,ye bhajanti tu mam bhaktya mayi te tesu capy aham,ye bhajanti tu māṁ bhaktyā mayi te teṣu cāpy aham,pdf,ye bhajanti tu maṁ bhaktyā mayi te teṣu capy aham
185,api cet su-duracaro bhajate mam ananya-bhak,api cet su-durācāro bhajate mām ananya-bhāk,pdf,api cet su-durācaro bhajate mam ananya-bhāk
186,sadhur eva sa mantavyah samyag vyavasito hi sah,sādhur eva sa mantavyaḥ samyag vyavasito hi saḥ,pdf,sadhur eva sa mantavyaḥ samyag vyavasito hi saḥ
187,ksipram bhavati dharmatma sasvac-chantim nigacchati,kṣipraṁ bhavati dharmātmā śaśvac-chāntiṁ nigacchati,pdf,kṣipraṁ bhavati dharmātma sasvac-chantiṁ nigacchati
188,kaunteya pratijanthi na me bhaktah pranasyati,kaunteya pratijānīhi na me bhaktaḥ praṇaśyati,pdf,kaunteya pratijanthi na me bhaktaḥ praṇasyati
189,mam hi partha vyapasritya ye 'pi syuh papa-yonayah,māṁ hi pārtha vyapāśritya ye ’pi syuḥ pāpa-yonayaḥ,pdf,maṁ hi pārtha vyapaśritya ye ’pi syuḥ pāpa-yonayaḥ
190,striyo vaisyas tatha sudras te 'pi yanti param gatim,striyo vaiśyās tathā śūdrās te ’pi yānti parāṁ gatim,pdf,striyo vaiṣyas tathā sudras te ’pi yanti paraṁ gatim
191,kim punar brahmanah punya bhakta rajarsayas tatha,kiṁ punar brāhmaṇāḥ puṇyā bhaktā rājarṣayas tathā,pdf,kiṁ punar brahmaṇaḥ punya bhakta rajarṣayas tathā
192,anityam asukham lokam imam prapya bhajasva mam,anityam asukhaṁ lokam imaṁ prāpya bhajasva mām,pdf,anityam asukhaṁ lokam imaṁ prapya bhajasva mam
193,man-mana bhava mad-bhakto mad-yaji mam namaskuru,man-manā bhava mad-bhakto mad-yājī māṁ namaskuru,pdf,man-māna bhava mad-bhakto mad-yaji maṁ namaskuru
194,mam evaisyasi yuktvaivam atmanam mat-parayanah,mām evaiṣyasi yuktvaivam ātmānaṁ mat-parāyaṇaḥ,pdf,mam evaiṣyasi yuktvaivam ātmanaṁ mat-parāyaṇaḥ
195,na me viduh sura-ganah prabhavam na maharsayah,na me viduḥ sura-gaṇāḥ prabhavaṁ na maharṣayaḥ,pdf,na me viduḥ sura-gaṇaḥ prabhavaṁ na maharṣayaḥ
196,aham adir hi devanam maharsinam ca sarvasah,aham ādir hi devānāṁ maharṣīṇāṁ ca sarvaśaḥ,pdf,aham ādir hi devanaṁ maharṣiṇaṁ ca sarvaśaḥ
197,aham sarvasya prabhavo mattah sarvam pravartate,ahaṁ sarvasya prabhavo mattaḥ sarvaṁ pravartate,pdf,ahaṁ sarvasya prabhavo mattaḥ sarvaṁ pravartate
198,iti matva bhajante mam budha bhava-samanvitah,iti matvā bhajante māṁ budhā bhāva-samanvitāḥ,pdf,iti matvā bhajante maṁ budha bhava-samānvitaḥ
199,mac-citta mad-gata-prana bodhayantah parasparam,mac-cittā mad-gata-prāṇā bodhayantaḥ parasparam,pdf,mac-citta mad-gata-praṇa bodhayantaḥ parasparam
200,kathayantas ca mam nityam tusyanti ca ramanti ca,kathayantaś ca māṁ nityaṁ tuṣyanti ca ramanti ca,pdf,kathayantaś ca maṁ nityaṁ tuṣyanti ca ramanti ca
201,tesam satata-yuktanam bhajatam priti-purvakam,teṣāṁ satata-yuktānāṁ bhajatāṁ prīti-pūrvakam,pdf,teṣāṁ satāta-yuktanaṁ bhajataṁ priti-pūrvakam
202,dadami buddhi-yogam tam yena mam upayanti te,dadāmi buddhi-yogaṁ taṁ yena mām upayānti te,pdf,dadāmi buddhi-yogaṁ taṁ yena mam upayanti te
203,tesam evanukampartham aham ajfana-jam tamah,teṣām evānukampārtham aham ajñāna-jaṁ tamaḥ,pdf,teṣām evānukampartham aham ajjana-jaṁ tamaḥ
205,arjuna uvaca,arjuna uvāca,pdf,arjuna uvāca
206,param brahma param dhama pavitram paramam bhavan,paraṁ brahma paraṁ dhāma pavitraṁ paramaṁ bhavān,pdf,paraṁ brahma paraṁ dhāma pavitraṁ paramaṁ bhavān
207,purusam sasvatam divyam adi-devam ajam vibhum,puruṣaṁ śāśvataṁ divyam ādi-devam ajaṁ vibhum,pdf,puruṣaṁ sasvataṁ divyam ādi-devam ajaṁ vibhum
208,ahus tvam rsayah sarve devarsir naradas tatha,āhus tvām ṛṣayaḥ sarve devarṣir nāradas tathā,pdf,ahus tvam ṛṣayaḥ sarve devarṣir naradas tathā
209,asito devalo vyasah svayam caiva bravisi me,asito devalo vyāsaḥ svayaṁ caiva bravīṣi me,pdf,asito devālo vyasaḥ svayaṁ caiva braviṣi me
210,sarvam etad rtam manye yan mam vadasi kesava,sarvam etad ṛtaṁ manye yan māṁ vadasi keśava,pdf,sarvam etad ṛtaṁ manye yan maṁ vadasi keśava
211,na hi te bhagavan vyaktim vidur deva na danavah,na hi te bhagavan vyaktiṁ vidur devā na dānavāḥ,pdf,na hi te bhagavan vyaktiṁ vidur deva na dānavaḥ
212,mrtyuh sarva-haras caham udbhavas ca bhavisyatam,mṛtyuḥ sarva-haraś cāham udbhavaś ca bhaviṣyatām,pdf,mṛtyuḥ sarva-haraś caham udbhavaś ca bhaviṣyatam
213,sarva-yonisu kaunteya murtayah sambhavanti yah,sarva-yoniṣu kaunteya mūrtayaḥ sambhavanti yāḥ,pdf,sarva-yoniṣu kaunteya mūrtayaḥ sambhavanti yaḥ
214,tasam brahma mahad yonir aham bija-pradah pita,tāsāṁ brahma mahad yonir ahaṁ bīja-pradaḥ pitā,pdf,tasāṁ brahma mahād yonir ahaṁ bija-pradaḥ pitā
215,urdhvam gacchanti sattva-stha madhye tisthanti rajasah,ūrdhvaṁ gacchanti sattva-sthā madhye tiṣṭhanti rājasāḥ,pdf,ūrdhvaṁ gacchanti sattva-stha madhye tiṣṭhanti rājasaḥ
216,jaghanya-guna-vrtti-stha adho gacchanti tamasah,jaghanya-guṇa-vṛtti-sthā adho gacchanti tāmasāḥ,pdf,jaghānya-guṇa-vṛtti-stha ādho gacchanti tamasaḥ
217,mam ca yo 'vyabhicarena bhakti-yogena sevate,māṁ ca yo ’vyabhicāreṇa bhakti-yogena sevate,pdf,maṁ ca yo ’vyabhicareṇa bhakti-yogena sevate
218,sa gunan samatityaitan brahma-bhuyaya kalpate,sa guṇān samatītyaitān brahma-bhūyāya kalpate,pdf,sa guṇān samatityaitan brahma-bhūyāya kalpate
219,brahmano hi pratisthaham amrtasyavyayasya ca,brahmaṇo hi pratiṣṭhāham amṛtasyāvyayasya ca,pdf,brahmaṇo hi pratiṣṭhaham amṛtasyavyayasya ca
220,sasvatasya ca dharmasya sukhasyaikantikasya ca,śāśvatasya ca dharmasya sukhasyaikāntikasya ca,pdf,sasvatasya ca dharmasya sukhasyaikantikasya ca
221,sri bhagavan uvaca,śrī-bhagavān uvāca,pdf,śrī bhagavān uvāca
222,urdhva-malam adhah-sakham asvattham prahur avyayam,ūrdhva-mūlam adhaḥ-śākham aśvatthaṁ prāhur avyayam,pdf,ūrdhva-mālām adhaḥ-sakham asvatthaṁ prahur avyayam
223,chandamsi yasya parnani yas tam veda sa veda-vit,chandāṁsi yasya parṇāni yas taṁ veda sa veda-vit,pdf,chandāṁsi yasya parṇani yas taṁ veda sa veda-vit
224,na tad bhasayate suryo na sasanko na pavakah,na tad bhāsayate sūryo na śaśāṅko na pāvakaḥ,pdf,na tad bhaṣayate sūryo na śaśaṅko na pāvakaḥ
225,yad gatva na nivartante tad dhama paramam mama,yad gatvā na nivartante tad dhāma paramaṁ mama,pdf,yad gatvā na nivartante tad dhāma paramaṁ mama
226,mamaivamso jiva-loke jiva-bhutah sanatanah,mamaivāṁśo jīva-loke jīva-bhūtaḥ sanātanaḥ,pdf,mamaivaṁśo jīva-loke jīva-bhūtaḥ sanātanaḥ
227,manah sasthanindriyani prakrti-sthani karsati,manaḥ-ṣaṣṭhānīndriyāṇi prakṛti-sthāni karṣati,pdf,manaḥ sasṭhānindriyāṇi prakṛti-sthāni karṣati
228,sarvasya caham hrdi sannvistho,sarvasya cāhaṁ hṛdi sanniviṣṭo,pdf,sarvasya cahaṁ hṛdi sannviṣṭho
230,vedais ca sarvair aham eva vedyo,vedaiś ca sarvair aham eva vedyo,pdf,vedaiś ca sarvair aham eva vedyo
231,vedanta-krd veda-vid eva caham,vedānta-kṛd veda-vid eva cāham,pdf,vedānta-kṛd veda-vid eva caham
233,sa sarva-vid bhajati mam sarva-bhavena bharata,sa sarva-vid bhajati māṁ sarva-bhāvena bhārata,pdf,sa sarva-vid bhajati maṁ sarva-bhāvena bharata
234,$ri-bhagavan uvaca,śrī-bhagavān uvāca,pdf,śrī-bhagavān uvāca
235,abhayam sattva-samsuddhir jfana-yoga-vyavasthitih,abhayaṁ sattva-saṁśuddhir jñāna-yoga-vyavasthitiḥ,pdf,abhayaṁ sattva-saṁśuddhir jhana-yoga-vyavasthitiḥ
237,ahimsa satyam akrodhas tyagah santir apaisunam,ahiṁsā satyam akrodhas tyāgaḥ śāntir apaiśunam,pdf,ahiṁsa satyam akrodhas tyagaḥ santir apaiṣuṇaṁ
239,tejah ksama dhrtih saucam adroho nati-manita,tejaḥ kṣamā dhṛtiḥ śaucam adroho nāti-mānitā,pdf,tejaḥ kṣama dhṛtiḥ śaucam adroho nati-mānitā
240,bhavanti sampadam daivim abhijatasya bharata,bhavanti sampadaṁ daivīm abhijātasya bhārata,pdf,bhavanti sampadaṁ daivim abhijatasya bharata
241,pravrttim ca nivrttim ca jana na vidur asurah,pravṛttiṁ ca nivṛttiṁ ca janā na vidur āsurāḥ,pdf,pravṛttiṁ ca nivṛttiṁ ca jana na vidur āsuraḥ
242,na saucam napi cacaro na satyam tesu vidyate,na śaucaṁ nāpi cācāro na satyaṁ teṣu vidyate,pdf,na śaucaṁ napi cacaro na satyaṁ teṣu vidyate
243,asatyam apratistham te jagad ahur anisvaram,asatyam apratiṣṭhaṁ te jagad āhur anīśvaram,pdf,asatyam apratiṣṭhaṁ te jagad ahur anīśvaram
244,aparaspara-sambhutam kim anyat kama-haitukam,aparaspara-sambhūtaṁ kim anyat kāma-haitukam,pdf,aparaspara-sambhūtaṁ kim anyat kāma-haitukam
245,etam drstim avastabhya nastatmano 'ipa-buddhayah,etāṁ dṛṣṭim avaṣṭabhya naṣṭātmāno ’lpa-buddhayaḥ,pdf,etaṁ dṛṣṭim avastabhya naṣṭātmano ’ipa-buddhayaḥ
246,prabhavanty ugra-karmanah ksayaya jagato 'hitah,prabhavanty ugra-karmāṇaḥ kṣayāya jagato ’hitāḥ,pdf,prabhāvanty ugra-karmaṇaḥ kṣayayā jagato ’hitaḥ
247,tri-vidham narakasyedam dvaram nasanam atmanah,tri-vidhaṁ narakasyedaṁ dvāraṁ nāśanam ātmanaḥ,pdf,tri-vidhaṁ narakaśyedaṁ dvāraṁ naśanam ātmanaḥ
248,kamah krodhas tatha lobhas tasmad etat trayam tyajet,kāmaḥ krodhas tathā lobhas tasmād etat trayaṁ tyajet,pdf,kamaḥ krodhas tathā lobhas tasmad etat trayaṁ tyajet
249,yah sastra-vidhim utsrjya vartate kama-karatah,yaḥ śāstra-vidhim utsṛjya vartate kāma-kārataḥ,pdf,yaḥ sasṭra-vidhim utsṛjya vartate kāma-karataḥ
250,na sa siddhim avapnoti na sukham na param gatim,na sa siddhim avāpnoti na sukhaṁ na parāṁ gatim,pdf,na sa siddhim avapnoti na sukhaṁ na paraṁ gatim
251,samo damas tapah saucam ksantir arjavam eva ca,śamo damas tapaḥ śaucaṁ kṣāntir ārjavam eva ca,pdf,samo damas tapaḥ śaucaṁ kṣantir arjavam eva ca
252,jmanam vijmanam astikyam brahma-karma svabhava-jam,jñānaṁ vijñānam āstikyaṁ brahma-karma svabhāva-jam,pdf,jmānaṁ vijmānam astikyaṁ brahma-karma svabhāva-jam
253,sauryam tejo dhrtir daksyam yuddhe capy apalayanam,śauryaṁ tejo dhṛtir dākṣyaṁ yuddhe cāpy apalāyanam,pdf,sauryaṁ tejo dhṛtir dakṣyaṁ yuddhe capy apalāyanaṁ
254,danam isvara-bhavas ca ksatram karma svabhava-jam,dānam īśvara-bhāvaś ca kṣātraṁ karma svabhāva-jam,pdf,danam īśvara-bhavaś ca kṣatraṁ karma svabhāva-jam
255,krsi-go-raksya-vanijyam vaisya-karma svabhava-jam,kṛṣi-go-rakṣya-vāṇijyaṁ vaiśya-karma svabhāva-jam,pdf,kṛṣi-go-rakṣya-vanijyaṁ vaiṣya-karma svabhāva-jam
256,paricaryatmakam karma sudrasyapi svabhava-jam,paricaryātmakaṁ karma śūdrasyāpi svabhāva-jam,pdf,paricaryātmakaṁ karma sudrasyapi svabhāva-jam
257,sve sve karmany abhiratah samsiddhim labhate narah,sve sve karmaṇy abhirataḥ saṁsiddhiṁ labhate naraḥ,pdf,sve sve karmaṇy abhirataḥ saṁsiddhiṁ labhate naraḥ
258,sva-karma-niratah siddhim yatha vindati tac chrnu,sva-karma-nirataḥ siddhiṁ yathā vindati tac chṛṇu,pdf,sva-karma-nirataḥ siddhiṁ yathā vindati tac chṛṇu
260,sva-karmana tam abhyarcya siddhim vindati manavah,sva-karmaṇā tam abhyarcya siddhiṁ vindati mānavaḥ,pdf,sva-karmaṇā tam abhyarcya siddhiṁ vindati mānavaḥ
261,brahma-bhutah prasannatma na socati na kanksati,brahma-bhūtaḥ prasannātmā na śocati na kāṅkṣati,pdf,brahma-bhūtaḥ prasannātma na śocati na kāṅkṣati
262,samah sarvesu bhutesu mad-bhaktim labhate param,samaḥ sarveṣu bhūteṣu mad-bhaktiṁ labhate parām,pdf,samaḥ sarveṣu bhūteṣu mad-bhaktiṁ labhate param
263,bhaktya mam abhijanati yavan yas casmi tattvatah,bhaktyā mām abhijānāti yāvān yaś cāsmi tattvataḥ,pdf,bhaktyā mam ābhijanati yavan yaś casmi tattvataḥ
264,tato mam tattvato jmatva visate tad-anantaram,tato māṁ tattvato jñātvā viśate tad-anantaram,pdf,tato maṁ tattvato jmatva viśate tad-anantaram
265,isvarah sarva-bhutanam hrd-dese 'rjuna tisthati,īśvaraḥ sarva-bhūtānāṁ hṛd-deśe ’rjuna tiṣṭhati,pdf,īśvaraḥ sarva-bhūtānaṁ hṛd-deśe ’rjuna tiṣṭhati
266,bhramayan sarva-bhutani yantrarudhani mayaya,bhrāmayan sarva-bhūtāni yantrārūḍhāni māyayā,pdf,bhrāmayan sarva-bhūtāni yantrarudhāni māyāyā
267,iti te jiaanam akhyatam guhyad guhyataram maya,iti te jñānam ākhyātaṁ guhyād guhya-taraṁ mayā,pdf,iti te jiaānam ākhyataṁ guhyad guhyataraṁ mayā
268,vimrsyaitad asesena yathecchasi tatha kuru,vimṛśyaitad aśeṣeṇa yathecchasi tathā kuru,pdf,vimṛṣyaitad aśeṣeṇa yathecchasi tathā kuru
269,man-mana bhava mad-bhakto mad-yaji mam namaskuru,man-manā bhava mad-bhakto mad-yājī māṁ namaskuru,pdf,man-māna bhava mad-bhakto mad-yaji maṁ namaskuru
270,mam evaisyasi satyam te pratijane priyo 'si me,mām evaiṣyasi satyaṁ te pratijāne priyo ’si me,pdf,mam evaiṣyasi satyaṁ te pratijane priyo ’si me
271,sarva-dharman parityajya mam ekam saranam vraja,sarva-dharmān parityajya mām ekaṁ śaraṇaṁ vraja,pdf,sarva-dharman parityajya mam ekaṁ śaraṇaṁ vraja
272,aham tvam sarva-papebhyo moksayisyami ma sucah,ahaṁ tvāṁ sarva-pāpebhyo mokṣayiṣyāmi mā śucaḥ,pdf,ahaṁ tvaṁ sarva-papebhyo mokṣayiṣyāmi mā śucaḥ
273,ya idam paramam guhyam mad-bhaktesv abhidhasyati,ya idaṁ paramaṁ guhyaṁ mad-bhakteṣv abhidhāsyati,pdf,ya idaṁ paramaṁ guhyaṁ mad-bhakteṣv abhidhāsyati
274,bhaktim mayi param krtva mam evaisyaty asamsayah,bhaktiṁ mayi parāṁ kṛtvā mām evaiṣyaty asaṁśayaḥ,pdf,bhaktiṁ mayi paraṁ kṛtvā mam evaiṣyaty aśaṁśayaḥ
275,na ca tasman manusyesu kascin me priya-krttamah,na ca tasmān manuṣyeṣu kaścin me priya-kṛttamaḥ,pdf,na ca tasmān manuṣyeṣu kaścin me priya-kṛttamaḥ
277,arjuna uvaca,arjuna uvāca,pdf,arjuna uvāca
278,nasto mohah smrtir labdha tvat-prasadan mayacyuta,naṣṭo mohaḥ smṛtir labdhā tvat-prasādān mayācyuta,pdf,naṣṭo mohaḥ smṛtir labdha tvat-prasadān mayacyuta
279,sthito 'smi gata-sandehah karisye vacanam tava,sthito ’smi gata-sandehaḥ kariṣye vacanaṁ tava,pdf,sthito ’smi gata-sandehaḥ kariṣye vacanaṁ tava
280,yatra yogesvarah krsno yatra partho dhanur-dharah,yatra yogeśvaraḥ kṛṣṇo yatra pārtho dhanur-dharaḥ,pdf,yatra yogeśvaraḥ kṛṣṇo yatra partho dhanur-dharaḥ
283,bhotabhavyathavatprabiuh,bhūtabhavyabhavatprabhuḥ,website,bhotābhāvyathāvatprabīuḥ
286,poratma paramatma ca mukzinim parama gatih,pūtātmā paramātmā ca muktānāṁ paramā gatiḥ,website,porātma paramātma ca mukiniṁ paramā gatiḥ
287,yaych purussh siket ksetrajfiothsara eva ca,avyayaḥ puruṣaḥ sākṣī kṣetrajñōkṣara eva ca,website,yaycḥ puruṣsḥ śiket kṣetrajījotḥsara eva ca
288,yego yogavidam neta oradhanspurusefvarch,yōgō yōgavidāṁ netā pradhānapuruṣeśvaraḥ,website,yego yogavidaṁ neta oradhanṣpuruṣeīvārcḥ
289,narasimhavapuh &riman kefargh purssottameh,nārasiṁhavapuḥ śrīmān keśavaḥ puruṣōttamaḥ,website,narasiṁhavapuḥ riman kelargḥ purśśottameḥ
295,vifvakarma manustvasta thavisthah sthaviro dhruvah,viśvakarmā manusvtaṣṭā sthaviṣṭhassthavirō dhruvaḥ,website,viīvakarma manuṣṭvasṭa thaviṣṭhaḥ sthaviro dhruvaḥ
297,orabhotastrikekubdhams oavitrem mafealam param,prabhūtastrikakubdhāma pavitraṁ maṁgalaṁ param,website,orabhotāstrikekubdhāṁs oavitreṁ majcalaṁ param
305,visikapirameystma carvayceavinihsrtsh,vṛṣākapirameyātmā sarvayōgaviniḥsṛtaḥ,website,viśikāpirameystma carvaśceaviniḥsṛtsḥ
306,vesurvasumanth satych camatma'sammitah sameh,vasurvasumanāḥ satyaḥ samātmā sammitaḥ samaḥ,website,veṣūrvāsumanīḥ satycḥ camātma’sammitaḥ sameḥ
309,ametah dafvara sthamur vararcho mahatapah,amṛtaḥ śāśvataḥ sthāṇurvarārōhō mahātapāḥ,website,ametaḥ daīvara sthāmur varārcho mahātāpaḥ
311,velo vedavidavyargo vedargo vedavit kavih,vedō vedavidavyaṅgō vedāṅgō vedavit kaviḥ,website,velo vedavidavyargo vedargo vedavit kaviḥ
313,cavuratma carurvyaheh cavurdamstrafcaturthugh,caturātmā caturvyūhaścaturdaṁṣṭraścaturbhujaḥ,website,cāvurātma carurvyaheḥ cavurdaṁstrajcaturthugḥ
314,bhajiernr bhojinam thoes cahsisnurjagedadijeh,bhrājiṣṇurbhōjanaṁ bhōktā sahiṣṇurjagadādijaḥ,website,bhajierṇṛ bhojinam thoeś caḥsiṣṇurjagedādijeḥ
315,magho vijryo fera vigvayonth. punarvasuh,anaghō vijayō jetā viśvayōniḥ punarvasuḥ,website,magho vijṛyo jera vigvayonthu punarvaśuḥ
318,velyo vaidysh sedaycg1 viraha madhavo madhuh,vedyō vaidyaḥ sadāyōgī vīrahā mādhavō madhuḥ,website,velyo vaidysḥ sedaycgī virāha madhavo madhuḥ
325,hiragyanabhah sutapah padmanibhah prajipatih,hiraṇyanābhaḥ sutapāḥ padmanābhaḥ prajāpati:,website,hirāgyānabhaḥ sutapaḥ padmanibhaḥ prajīpatiḥ
326,amztyuh sarvadrh simhah sandhata sandhiman sthirah,amṛtyuḥ sarvadṛk siṁhaḥ sandhātā sandhimān sthiraḥ,website,ammtyuḥ sarvadṛḥ siṁhaḥ sandhata sandhiman sthiraḥ
330,ivartano nivpttatma samvstah sampeamardana},āvartanō nivṛttātmā saṁvṛtaḥ saṁpramardanaḥ,website,ivārtano nivpītātma saṁvstaḥ sampcamardanā
333,catharta sathytah sidhurfanhurnarayago narah,satkartā satkṛtaḥ sādhurjahnurnārāyaṇō naraḥ,website,cathārta sathytaḥ sidhurjanhurṇārayago naraḥ
335,iddharthah siddhasathalpah siddhidah siddhissdhanah.,siddhārthaḥ siddhasaṅkalpaḥ siddhidaḥ siddhisādhanaḥ,website,iddhārthaḥ siddhasathalpaḥ siddhidaḥ siddhissdhānaḥb
337,vardhano vardhamanatca viviktah érutisigacah,vardhanō vardhamānaśca viviktaḥ śrutisāgaraḥ,website,vardhano vardhamānatca viviktaḥ śrutiṣigacaḥ
338,cubhujo durdharo vigmt makendro vasudo vasuh,subhujō durdharō vāgmī mahendrō vasudō vasuḥ,website,cubhujo durdharo vigmī makendro vasudo vasuḥ
339,naikartpo behadrapah fipivistah prakzfanah,naikarūpō bṛhadrūpaḥ śipiviṣṭaḥ prakāśanaḥ,website,naikartpo behadrapah jipiviṣṭaḥ prakcjanaḥ
340,ojestejodyutidharah prakafitma pratipanah,ōjastejōdyutidharaḥ prakāśātmā pratāpanaḥ,website,ojeṣṭejodyutidhāraḥ prakajitma pratipanaḥ
350,udirnah sarvatascaksurantéah sagvatasthirah,udīrṇaḥ sarvataścakṣuranīśaḥ śāśvatasthiraḥ,website,udīrṇaḥ sarvataścakṣuraṇīśaḥ sagvatāsthiraḥ
352,arcismanarcitah kumbho viduddhatma vidodhanah,arciṣmānarcitaḥ kuṁbhō viśuddhātmā viśōdhanaḥ,website,arciṣmanārcitaḥ kumbho viduddhātma vidodhanaḥ
356,kamadevah kamopalah kims ksotab kytigamch,kāmadevaḥ kāmapālaḥ kāmī kāntaḥ kṛtāgamaḥ,website,kamadevaḥ kamopalaḥ kiṁs kṣotab kytigamcḥ
360,mahakramo mahakarma mahatera mahoragah,mahākramō mahākarmā mahātejā mahōragaḥ,website,mahākramo mahākarma mahātera mahoragaḥ
364,manojivastirthakaro vasurera vasupradch,manōjavastīrthakarō vasuretā vasupradaḥ,website,manojivāstīrthakaro vasurera vasupradcḥ
365,vasuprado vasudevo vasurvasumans havih,vasupradō vāsudevō vasurvasumanā haviḥ,website,vasuprado vāsudevo vasurvāsumans haviḥ
377,kamahi kamakpthantal kimah kamapeadah prablhuh,kāmahā kāmakṛt kāntaḥ kāmaḥ kāmapradaḥ prabhuḥ,website,kāmāhi kamakpthantal kimaḥ kamapeadaḥ prabīhuḥ
378,yugidikzdyugivarto naikzmiyo mahifanah,yugādikṛdyugāvartō naikamāyō mahāśanaḥ,website,yugīḍikdyugivarto naikmiyo mahījanaḥ
382,acyutah prathitah pragah peanado vasavanujah,acyutaḥ prathitaḥ prāṇaḥ prāṇadō vāsavānujaḥ,website,acyutaḥ prathitaḥ pragaḥ pcanado vasavānujaḥ
383,pan nidhiradhischanamapeamattah pratischitah,apāṁnidhiradhiṣṭhānamapramattaḥ pratiṣṭhitaḥ,website,pan nidhiradhiśchanamāpeamattaḥ pratiśchitaḥ
384,chandah skandadharo dhuryo varado vayurahanah,skandaḥ skandadharō dhuryō varadō vāyuvāhanaḥ,website,chandaḥ skandadharo dhūryo varado vāyurahanaḥ
385,visudero brhadbhinurididevah purandarah,vāsudevō bṛhadbhānurādidevaḥ purandaraḥ,website,viṣudero bṛhadbhinurididevaḥ puraṇdaraḥ
387,inukalah fatzvartah padmt padmanibheksanah,anukūlaḥ śatāvartaḥ padmī padmanibhekṣaṇaḥ,website,iñukalaḥ latvartaḥ padmī padmanibhekṣaṇaḥ
389,maharddhiripddho veddhitms. makkso grrudadhvajeh,maharddhir ṛddhō vṛddhātmā mahākṣō garuḍadhvajaḥ,website,mahārddhirīpddho veddhitṁss makkṣo gṛrudādhvajeḥ
391,carvalikpapalaksanyo laksmivan samitiffiyah,sarvalakṣaṇalakṣaṇyō lakṣmīvān samitiñjayaḥ,website,carvalikpapalakṣaṇyo lakṣmivān samitijjiyaḥ
392,vikiro rolito margo herurdimodarah sihah,vikṣarō rōhitō mārgō heturdamodarassahaḥ,website,vikiro rolito margo herurdimodaraḥ śihāḥ
395,karagam karagam karta vikarta grhano guhah,karaṇaṁ kāraṇaṁ kartā vikartā gahanō guhaḥ,website,kāragaṁ karagaṁ karta vikarta gṛhaṇo guhāḥ
396,vjavasiyo vyavasthinah samsthanah sthanado dhruvah,vyavasāyō vyavasthānaḥ saṁsthānaḥ sthānadō dhruvaḥ,website,vjavasiyo vyavasthinaḥ saṁsthanaḥ sthanado dhruvaḥ
400,vailunthah purusah prinah pranadah peanavah prthuh,vaikuṇṭhaḥ puruṣaḥ prāṇaḥ prāṇadaḥ praṇavaḥ pṛthuḥ,website,vailunthaḥ puruṣaḥ prīṇaḥ praṇadaḥ pcanavaḥ pṛthuḥ
402,tuh sudarfainah kilah paramestht parigrahah,ṛtuḥ sudarśanaḥ kālaḥ parameṣṭhī parigrahaḥ,website,tuḥ sudarjainaḥ kilaḥ parameṣṭhī parigrahaḥ
405,nalksarranemirnaksatet kyamah ksimah samthanah,"nakṣatranemirnakṣatrī kṣamaḥ, kṣāmaḥ samīhanaḥ",website,nalkṣarraṇemirṇakṣatet kyamaḥ kṣimaḥ samīhanaḥ
411,vatsaro vatsalo vatsi ratnagarbho dhanesvarah,vatsarō vatsalō vatsī ratnagarbhō dhaneśvaraḥ,website,vatsaro vatsalo vatsi ratnagarbho dhaneśvaraḥ
417,éartrabhatabhrdbhckea kapindro bharidaksingh,śarīrabhūtabhṛdbhōktā kapīndrō bhūridakṣiṇaḥ,website,śartrābhātābhṛdbhckea kapindro bharidākṣiṅgḥ
424,mahavargho govindsh. susensh kanakanged,mahāvarāhō gōvindaḥ suṣeṇaḥ kanakāṅgadī,website,mahāvargho govindṣhṛ suṣensḥ kanakaṅged
430,cudhanya khandaparafirdsruno dravinapradeh,sudhanvā khaṇḍaparaśurdāruṇō draviṇapradaḥ,website,cūdhanya khaṇḍaparajirdśruṇo draviṇāpradeḥ
