,source,target,prediction,origin
0,dhrtarastra uvaca,dhṛtarāṣṭra uvāca,dhṛtarāṣṭra uvāca,pdf
1,dharma-ksetre kuru-ksetre samaveta yuyutsavah,dharma-kṣetre kuru-kṣetre samavetā yuyutsavaḥ,dharma-kṣetre kuru-kṣetre samaveta yuyutsavaḥ,pdf
2,mamakah pandavas caiva kim akurvata sanjaya,māmakāḥ pāṇḍavāś caiva kim akurvata sañjaya,māmakaḥ paṇḍavaś caiva kim akurvata sañjaya,pdf
3,karpanya-dosopahata-svabhavah,kārpaṇya-doṣopahata-svabhāvaḥ,karpaṇya-doṣopahata-svabhavaḥ,pdf
4,prechami tvam dharma-sammudha-cetah,pṛcchāmi tvāṁ dharma-sammūḍha-cetāḥ,pṛcchāmi tvaṁ dharma-sammudha-cetaḥ,pdf
5,yac chreyah syan niscitam bruhi tan me,yac chreyaḥ syān niścitaṁ brūhi tan me,yac chreyaḥ syān niścitaṁ brūhi tan me,pdf
6,sisyas te 'ham sadhi mam tvam prapannam,śiṣyas te ’haṁ śādhi māṁ tvāṁ prapannam,śiśyas te ’haṁ sadhi maṁ tvaṁ prapannaṁ,pdf
7,sri-bhagavan uvaca,śrī-bhagavān uvāca,śrī-bhagavān uvāca,pdf
8,asocyan anvasocas tvam prajna-vadams ca bhasase,aśocyān anvaśocas tvaṁ prajñā-vādāṁś ca bhāṣase,aśocyān anvaśocas tvaṁ prajña-vadāṁś ca bhāsase,pdf
9,gatasun agatasums ca nanusocanti panditah,gatāsūn agatāsūṁś ca nānuśocanti paṇḍitāḥ,gatasūn agatasuṁś ca nanuśocanti paṇḍitaḥ,pdf
10,na tv evaham jatu nasam na tvam neme janadhipah,na tv evāhaṁ jātu nāsaṁ na tvaṁ neme janādhipāḥ,na tv evahaṁ jatu naśaṁ na tvaṁ neme janādhipaḥ,pdf
11,na caiva na bhavisyamah sarve vayam atah param,na caiva na bhaviṣyāmaḥ sarve vayam ataḥ param,na caiva na bhaviṣyamaḥ sarve vayam ataḥ param,pdf
12,dehino 'smin yatha dehe kaumaram yauvanam jara,dehino ’smin yathā dehe kaumāraṁ yauvanaṁ jarā,dehino ’smin yathā dehe kaumaraṁ yauvanaṁ jarā,pdf
13,tatha dehantara-praptir dhiras tatra na muhyati,tathā dehāntara-prāptir dhīras tatra na muhyati,tathā dehantara-praptir dhiras tatra na muhyati,pdf
14,matra-sparsas tu kaunteya sitosna-sukha-duhkha-dah,mātrā-sparśās tu kaunteya śītoṣṇa-sukha-duḥkha-dāḥ,matra-sparśas tu kaunteya sitoṣṇa-sukha-duḥkha-daḥ,pdf
15,agamapayino 'nityas tams titiksasva bharata,āgamāpāyino ’nityās tāṁs titikṣasva bhārata,agamapāyino ’nityas taṁs titikṣasva bhārata,pdf
16,avinasi tu tad viddhi yena sarvam idam tatam,avināśi tu tad viddhi yena sarvam idaṁ tatam,avināsi tu tad viddhi yena sarvam idaṁ tataṁ,pdf
17,vinasam avyayasyasya na kascit kartum arhati,vināśam avyayasyāsya na kaścit kartum arhati,vināsam avyayasyasya na kaścit kartum arhati,pdf
18,na jayate mriyate va kadacin nayam bhutva bhavita va na bhuyah,na jāyate mriyate vā kadācin nāyaṁ bhūtvā bhavitā vā na bhūyaḥ,na jāyate mriyate va kadācin nayaṁ bhūtvā bhavita va nā bhūyaḥ,pdf
19,ajo nityah sasvato 'yam purano na hanyate hanyamane sarire,ajo nityaḥ śāśvato ’yaṁ purāṇo na hanyate hanyamāne śarīre,ajo nityaḥ śaśvato ’yaṁ puraṇo na hanyate hanyamāne śarīre,pdf
20,vasamsi jirnani yatha vihaya,vāsāṁsi jīrṇāni yathā vihāya,vasāṁsi jīrṇāni yathā vihāya,pdf
21,navani grhnati naro 'parani,navāni gṛhṇāti naro ’parāṇi,navāni gṛhṇati naro ’parāṇi,pdf
22,tatha sarirani vihaya jirnany,tathā śarīrāṇi vihāya jīrṇāny,tathā śarīrāṇi vihaya jīrṇāny,pdf
23,anyani samyati navani dehi,anyāni saṁyāti navāni dehī,anyāni samyati navani dehi,pdf
24,nainam chindanti sastrani nainam dahati pavakah,nainaṁ chindanti śastrāṇi nainaṁ dahati pāvakaḥ,nainaṁ chindanti śastrāṇi nainaṁ dahati pāvakaḥ,pdf
25,na cainam kledayanty apo na sosayati marutah,na cainaṁ kledayanty āpo na śoṣayati mārutaḥ,na cainaṁ kledayanty apo na śoṣayati mārutaḥ,pdf
26,nehabhikrama-naso 'sti pratyavayo na vidyate,nehābhikrama-nāśo ’sti pratyavāyo na vidyate,nehabhikrama-nāśo ’sti pratyavayo na vidyate,pdf
27,sv-alpam apy asya dharmasya trayate mahato bhayat,sv-alpam apy asya dharmasya trāyate mahato bhayāt,sv-alpam apy asya dharmasya trayate mahato bhayāt,pdf
28,bhogaisvarya-prasaktanam tayapahrta-cetasam,bhogaiśvarya-prasaktānāṁ tayāpahṛta-cetasām,bhogaiśvarya-praśaktanaṁ tayapāhṛta-cetasam,pdf
29,vyavasayatmika buddhih samadhau na vidhiyate,vyavasāyātmikā buddhiḥ samādhau na vidhīyate,vyāvasayātmika buddhiḥ samadhau na vidhīyate,pdf
30,karmany evadhikaras te ma phalesu kadacana,karmaṇy evādhikāras te mā phaleṣu kadācana,karmaṇy evadhikaras te ma phaleṣu kadācana,pdf
31,ma karma-phala-hetur bhur ma te sango 'stv akarmani,mā karma-phala-hetur bhūr mā te saṅgo ’stv akarmaṇi,ma karma-phala-hetur bhur ma te saṅgo ’stv akarmaṇi,pdf
32,visaya vinivartante niraharasya dehinah,viṣayā vinivartante nirāhārasya dehinaḥ,viṣayā vinivartante niraharasya dehināḥ,pdf
33,rasa-varjam raso 'py asya param drstva nirvartate,rasa-varjaṁ raso ’py asya paraṁ dṛṣṭvā nivartate,rāsa-varjaṁ raso ’py asya paraṁ dṛṣṭvā nirvartate,pdf
34,tani sarvani samyamya yukta asita mat-parah,tāni sarvāṇi saṁyamya yukta āsīta mat-paraḥ,tāni sarvāṇi saṁyamya yukta āsita mat-paraḥ,pdf
35,vase hi yasyendriyani tasya prajfma pratisthita,vaśe hi yasyendriyāṇi tasya prajñā pratiṣṭhitā,vase hi yasyendriyāṇi tasya prajīma pratiṣṭhita,pdf
36,dhyayato visayan pumsah sangas tesupajayate,dhyāyato viṣayān puṁsaḥ saṅgas teṣūpajāyate,dhyāyato viṣayān puṁsaḥ saṅgas teṣupajāyate,pdf
37,sangat safijayate kamah kamat krodho 'bhijayate,saṅgāt sañjāyate kāmaḥ kāmāt krodho ’bhijāyate,saṅgāt salijayate kamaḥ kamat krodho ’bhijāyate,pdf
38,krodhad bhavati sammohah sammohat smrti-vibhramah,krodhād bhavati sammohaḥ sammohāt smṛti-vibhramaḥ,krodhad bhavati sammohaḥ sammohat smṛti-vibhramaḥ,pdf
39,smrti-bhramsad buddhi-naso buddhi-nasat pranasyati,smṛti-bhraṁśād buddhi-nāśo buddhi-nāśāt praṇaśyati,smṛti-bhrāṁśad buddhi-naśo buddhi-nāśat praṇasyati,pdf
40,ya nisa sarva-bhutanam tasyam jagarti samyami,yā niśā sarva-bhūtānāṁ tasyāṁ jāgarti saṁyamī,ya niśa sarva-bhūtānaṁ tasyaṁ jagarti samyāmi,pdf
41,yasyam jagrati bhutani sa nisa pasyato muneh,yasyāṁ jāgrati bhūtāni sā niśā paśyato muneḥ,yasyaṁ jagrati bhūtāni sa niśa paśyato muneḥ,pdf
42,na hi kascit ksanam api jatu tisthaty akarma-krt,na hi kaścit kṣaṇam api jātu tiṣṭhaty akarma-kṛt,na hi kaścit kṣaṇam api jatu tiṣṭhaty akarma-kṛt,pdf
43,karyate hy avasah karma sarvah prakrti-jair gunaih,kāryate hy avaśaḥ karma sarvaḥ prakṛti-jair guṇaiḥ,karyate hy avasaḥ karma sarvaḥ prakṛti-jair guṇaiḥ,pdf
44,karmendriyani samyamya ya aste manasa smaran,karmendriyāṇi saṁyamya ya āste manasā smaran,karmendriyāṇi samyamya ya āste manasā smaran,pdf
45,indriyarthan vimudhatma mithyacarah sa ucyate,indriyārthān vimūḍhātmā mithyācāraḥ sa ucyate,indriyārthān vimudhātma mithyācaraḥ sa ucyate,pdf
46,niyatam kuru karma tvam karma jyayo hy akarmanah,niyataṁ kuru karma tvaṁ karma jyāyo hy akarmaṇaḥ,niyataṁ kuru karma tvaṁ karma jyayo hy akarmaṇāḥ,pdf
47,sarira-yatrapi ca te na prasiddhyed akarmanah,śarīra-yātrāpi ca te na prasidhyed akarmaṇaḥ,śarīra-yatrapi ca te na prasiddhyed akarmaṇāḥ,pdf
48,yajnarthat karmano 'nyatra loko 'yam karma-bandhanah,yajñārthāt karmaṇo ’nyatra loko ’yaṁ karma-bandhanaḥ,yajñārthāt karmaṇo ’nyatra loko ’yaṁ karma-bandhanaḥ,pdf
49,tad-artham karma kaunteya mukta-sangah samacara,tad-arthaṁ karma kaunteya mukta-saṅgaḥ samācara,tad-arthaṁ karma kaunteya mukta-saṅgaḥ samācara,pdf
50,yajfia-sistasinah santo mucyante sarva-kilbisaih,yajña-śiṣṭāśinaḥ santo mucyante sarva-kilbiṣaiḥ,yajjiā-śiṣṭāsinaḥ santo mucyante sarva-kilbiṣaiḥ,pdf
51,bhufijate te tv agham papa ye pacanty atma-karanat,bhuñjate te tv aghaṁ pāpā ye pacanty ātma-kāraṇāt,bhūjijate te tv aghaṁ papa ye pacanty ātma-karaṇāt,pdf
52,annad bhavanti bhutani parjanyad anna-sambhavah,annād bhavanti bhūtāni parjanyād anna-sambhavaḥ,annād bhavanti bhūtāni parjanyad anna-sambhavaḥ,pdf
53,bhavati parjanyo yajfiah karma-samudbhavah,yajñād bhavati parjanyo yajñaḥ karma-samudbhavaḥ,bhavati parjanyo yajjiāḥ karma-samudbhavaḥ,pdf
54,ajo 'pi sann avyayatma bhutanam isvaro 'pi san,ajo ’pi sann avyayātmā bhūtānām īśvaro ’pi san,ajo ’pi sann avyayātma bhūtānām īśvaro ’pi sān,pdf
55,prakrtim svam adhisthaya sambhavamy atma-mayaya,prakṛtiṁ svām adhiṣṭhāya sambhavāmy ātma-māyayā,prakṛtiṁ svam adhiṣṭhaya sambhavāmy ātma-māyayā,pdf
56,yada yada hi dharmasya glanir bhavati bharata,yadā yadā hi dharmasya glānir bhavati bhārata,yadā yadā hi dharmasya glanir bhavati bhārata,pdf
57,abhyutthanam adharmasya tadatmanam sriamy aham,abhyutthānam adharmasya tadātmānaṁ sṛjāmy aham,abhyutthānām adharmasya tadātmanaṁ sṛiāmy aham,pdf
58,paritranaya sadhunam vinasaya ca duskrtam,paritrāṇāya sādhūnāṁ vināśāya ca duṣkṛtām,paritraṇāya sadhunāṁ vināśaya ca duṣkṛtam,pdf
59,dharma-samsthapanarthaya sambhavami yuge yuge,dharma-saṁsthāpanārthāya sambhavāmi yuge yuge,dharma-saṁsthāpanārthaya sambhavāmi yuge yuge,pdf
60,janma karma ca me divyam evam yo vetti tattvatah,janma karma ca me divyam evaṁ yo vetti tattvataḥ,janma karma ca me divyam evaṁ yo vetti tattvataḥ,pdf
61,tyaktva deham punar janma naiti mam eti so 'rjuna,tyaktvā dehaṁ punar janma naiti mām eti so ’rjuna,tyaktvā dehaṁ punar janma naiti mam eti so ’rjunā,pdf
62,ye yatha mam prapadyante tams tathaiva bhajamy aham,ye yathā māṁ prapadyante tāṁs tathaiva bhajāmy aham,ye yathā maṁ prapadyante taṁs tathaiva bhajamy aham,pdf
63,mama vartmanuvartante manusyah partha sarvasah,mama vartmānuvartante manuṣyāḥ pārtha sarvaśaḥ,māmā vārtmanuvartante manuṣyaḥ partha sarvaśaḥ,pdf
64,catur-varnyam maya srstam guna-karma-vibhagasah,cātur-varṇyaṁ mayā sṛṣṭaṁ guṇa-karma-vibhāgaśaḥ,catur-varṇyaṁ maya sṛṣṭaṁ guṇa-karma-vibhāgaśaḥ,pdf
65,tasya kartaram api mam viddhy akartaram avyayam,tasya kartāram api māṁ viddhy akartāram avyayam,tasya kartaram api maṁ viddhy akartaram avyayam,pdf
66,tad viddhi pranipatena pariprasnena sevaya,tad viddhi praṇipātena paripraśnena sevayā,tad viddhi praṇipatena pariprasnena sevayā,pdf
67,upadeksyanti te jfanam tattva-darsinah,upadekṣyanti te jñānaṁ jñāninas tattva-darśinaḥ,upadekṣyanti te jjanaṁ tattva-darśinaḥ,pdf
68,vidya-vinaya-sampanne brahmane gavi hastini,vidyā-vinaya-sampanne brāhmaṇe gavi hastini,vidya-vināya-sampanne brahmaṇe gavi hastini,pdf
69,suni caiva sva-pake ca panditah sama-darsinah,śuni caiva śva-pāke ca paṇḍitāḥ sama-darśinaḥ,suni caiva sva-pake ca paṇḍitaḥ sama-darśinaḥ,pdf
70,ye hi samsparsa-ja bhoga duhkha-yonaya eva te,ye hi saṁsparśa-jā bhogā duḥkha-yonaya eva te,ye hi saṁsparśa-ja bhoga duḥkha-yonaya eva te,pdf
71,ady-antavantah kaunteya na tesu ramate budhah,ādy-antavantaḥ kaunteya na teṣu ramate budhaḥ,ādy-antavantaḥ kaunteya na teṣu ramate budhaḥ,pdf
72,bhoktaram yajfia-tapasam sarva-loka-mahesvaram,bhoktāraṁ yajña-tapasāṁ sarva-loka-maheśvaram,bhoktaraṁ yajjia-tapasaṁ sarva-loka-maheśvaram,pdf
73,suhrdam sarva-bhutanam jfiatva mam santim rechati,suhṛdaṁ sarva-bhūtānāṁ jñātvā māṁ śāntim ṛcchati,suhṛdāṁ sarva-bhūtānaṁ jjiātva maṁ śantim ṛcchati,pdf
74,$ri-bhagavan uvaca,śrī-bhagavān uvāca,śrī-bhagavān uvāca,pdf
75,anasritah karma-phalam karyam karma karoti yah,anāśritaḥ karma-phalaṁ kāryaṁ karma karoti yaḥ,anāśritaḥ karma-phalaṁ karyaṁ karma karoti yaḥ,pdf
76,sa sannyasi ca yogi ca na niragnir na cakriyah,sa sannyāsī ca yogī ca na niragnir na cākriyaḥ,sa sannyasi ca yogi ca na niragnir na cakriyaḥ,pdf
77,uddhared atmanatmanam natmanam avasadayet,uddhared ātmanātmānaṁ nātmānam avasādayet,uddhared ātmanātmanaṁ nātmanam avasādayet,pdf
78,atmaiva hy atmano bandhur atmaiva ripur atmanah,ātmaiva hy ātmano bandhur ātmaiva ripur ātmanaḥ,ātmaiva hy ātmano bandhur ātmaiva ripur ātmanaḥ,pdf
79,yuktahara-viharasya yukta-cestasya karmasu,yuktāhāra-vihārasya yukta-ceṣṭasya karmasu,yuktahara-viharasya yukta-ceṣṭasya karmasu,pdf
80,yukta-svapnavabodhasya yogo bhavati duhkha-ha,yukta-svapnāvabodhasya yogo bhavati duḥkha-hā,yukta-svapnavabodhasya yogo bhavati duḥkha-hā,pdf
81,sukham atyantikam yat tad buddhi-grahyam atindriyam,sukham ātyantikaṁ yat tad buddhi-grāhyam atīndriyam,sukham atyantikaṁ yat tad buddhi-grahyam atindriyam,pdf
82,vetti yatra na caivayam sthitas calati tattvatah,vetti yatra na caivāyaṁ sthitaś calati tattvataḥ,vetti yatra na caivayaṁ sthitaś calati tattvataḥ,pdf
83,yam labdhva caparam labham manyate nadhikam tatah,yaṁ labdhvā cāparaṁ lābhaṁ manyate nādhikaṁ tataḥ,yaṁ labdhvā caparaṁ labhaṁ manyate nadhikaṁ tataḥ,pdf
84,yasmin sthito na duhkhena gurunapi vicalyate,yasmin sthito na duḥkhena guruṇāpi vicālyate,yasmin sthito na duḥkhena guruṇāpi vicalyate,pdf
85,tam vidyad duhkha-samyoga- viyogam yoga-samjfiitam,taṁ vidyād duḥkha-saṁyoga- viyogaṁ yoga-saṁjñitam,taṁ vidyād duḥkha-saṁyoga- viyogaṁ yoga-saṁjīiitaṁ,pdf
86,yato yato niscalati manas caficalam asthiram,yato yato niścalati manaś cañcalam asthiram,yato yato niścalati manaś cajicalam asthiram,pdf
87,tatas tato niyamyaitad atmany eva vasam nayet,tatas tato niyamyaitad ātmany eva vaśaṁ nayet,tatas tato niyamyaitad ātmany eva vasaṁ nayet,pdf
88,yo mam pasyati sarvatra sarvam ca mayi pasyati,yo māṁ paśyati sarvatra sarvaṁ ca mayi paśyati,yo maṁ paśyati sarvatra sarvaṁ ca mayi paśyati,pdf
89,tasyaham na pranasyami sa ca me na pranasyati,tasyāhaṁ na praṇaśyāmi sa ca me na praṇaśyati,tasyāhaṁ na praṇasyami sa ca me na praṇasyati,pdf
90,caficalam hi manah krsna pramathi balavad drdham,cañcalaṁ hi manaḥ kṛṣṇa pramāthi balavad dṛḍham,cajicalaṁ hi manaḥ kṛṣṇa pramathi balavad dṛḍhaṁ,pdf
91,tasyaham nigraham manye vayor iva su-duskaram,tasyāhaṁ nigrahaṁ manye vāyor iva su-duṣkaram,tasyāhaṁ nigrahaṁ manye vayor iva su-duṣkaram,pdf
92,prapya punya-krtam lokan usitva sasvatih samah,prāpya puṇya-kṛtāṁ lokān uṣitvā śāśvatīḥ samāḥ,prāpya puṇya-kṛtaṁ lokān uṣitva śaśvatiḥ samaḥ,pdf
93,sucinam srimatam gehe yoga-bhrasto 'bhijayate,śucīnāṁ śrīmatāṁ gehe yoga-bhraṣṭo ’bhijāyate,sucināṁ śrīmataṁ gehe yoga-bhraṣṭo ’bhijāyate,pdf
94,yoginam api sarvesam mad-gatenantar-atmana,yoginām api sarveṣāṁ mad-gatenāntar-ātmanā,yogīnām api sarveṣāṁ mad-gatenantar-ātmanā,pdf
95,sraddhavan bhajate yo mam sa me yuktatamo matah,śraddhāvān bhajate yo māṁ sa me yukta-tamo mataḥ,śraddhavān bhajate yo maṁ sa me yuktatamo mataḥ,pdf
96,sri-bhagavan uvaca,śrī-bhagavān uvāca,śrī-bhagavān uvāca,pdf
97,mayy asakta-manah partha yogam yufijan mad-asrayah,mayy āsakta-manāḥ pārtha yogaṁ yuñjan mad-āśrayaḥ,mayy aśakta-manaḥ partha yogaṁ yujijan mad-āśrayaḥ,pdf
98,asamsayam samagram mam yatha tac chrnu,asaṁśayaṁ samagraṁ māṁ yathā jñāsyasi tac chṛṇu,aśaṁśayaṁ samagraṁ maṁ yathā tac chṛṇu,pdf
99,manusyanam sahasresu kascid yatati siddhaye,manuṣyāṇāṁ sahasreṣu kaścid yatati siddhaye,manuṣyānāṁ sahaśreṣu kaścid yatati siddhaye,pdf
100,yatatam api siddhanam kascin mam vetti tattvatah,yatatām api siddhānāṁ kaścin māṁ vetti tattvataḥ,yatatam api siddhānaṁ kaścin maṁ vetti tattvataḥ,pdf
101,bhumir apo 'nalo vayuh kham mano buddhir eva ca,bhūmir āpo ’nalo vāyuḥ khaṁ mano buddhir eva ca,bhūmir apo ’nalo vayuḥ khaṁ mano buddhir eva ca,pdf
102,ahankara itiyam me bhinna prakrtir astadha,ahaṅkāra itīyaṁ me bhinnā prakṛtir aṣṭadhā,ahaṅkāra itiyaṁ me bhinna prakṛtir astādha,pdf
103,apareyam itas tv anyam prakrtim viddhi me param,apareyam itas tv anyāṁ prakṛtiṁ viddhi me parām,apareyam itas tv anyaṁ prakṛtiṁ viddhi me param,pdf
104,jiva-bhutam maha-baho yayedam dharyate jagat,jīva-bhūtāṁ mahā-bāho yayedaṁ dhāryate jagat,jīva-bhūtaṁ maha-baho yayedaṁ dharyate jagat,pdf
105,mattah parataram nanyat kifcid asti dhananijaya,mattaḥ parataraṁ nānyat kiñcid asti dhanañ-jaya,mattaḥ parataraṁ nanyat kijcid asti dhananijaya,pdf
106,mayi sarvam idam protam sutre mani-gana iva,mayi sarvam idaṁ protaṁ sūtre maṇi-gaṇā iva,mayi sarvam idaṁ protaṁ sutre mani-gaṇā iva,pdf
107,raso 'ham apsu kaunteya prabhasmi sasi-suryayoh,raso ’ham apsu kaunteya prabhāsmi śaśi-sūryayoḥ,rāso ’ham āpsu kaunteya prabhasmi saśi-sūryayoḥ,pdf
108,pranavah sarva-vedesu sabdah khe paurusam nrsu,praṇavaḥ sarva-vedeṣu śabdaḥ khe pauruṣaṁ nṛṣu,praṇāvaḥ sarva-vedeṣu śabdaḥ khe pauruṣaṁ nṛṣu,pdf
109,balam balavatam caham kama-raga-vivarjitam,balaṁ balavatāṁ cāhaṁ kāma-rāga-vivarjitam,balaṁ bālavataṁ cahaṁ kāma-raga-vivarjitam,pdf
110,dharmaviruddho bhutesu kamo 'smi bharatarsabha,dharmāviruddho bhūteṣu kāmo ’smi bharatarṣabha,dharmāviruddho bhūteṣu kamo ’smi bharatarṣabha,pdf
111,tribhir guna-mayair bhavair ebhih sarvam idam jagat,tribhir guṇa-mayair bhāvair ebhiḥ sarvam idaṁ jagat,tribhir guṇa-mayair bhavair ebhiḥ sarvam idaṁ jagat,pdf
112,mohitam nabhijanati mam ebhyah param avyayam,mohitaṁ nābhijānāti mām ebhyaḥ param avyayam,mohitaṁ nabhijanati mam ebhyaḥ param avyayaṁ,pdf
113,daivi hy esa guna-mayi mama maya duratyaya,daivī hy eṣā guṇa-mayī mama māyā duratyayā,daivi hy eṣa guṇa-mayi māma maya duratyaya,pdf
114,mam eva ye prapadyante mayam etam taranti te,mām eva ye prapadyante māyām etāṁ taranti te,mam eva ye prapadyante mayam etaṁ taranti te,pdf
115,na mam duskrtino mudhah prapadyante naradhamah,na māṁ duṣkṛtino mūḍhāḥ prapadyante narādhamāḥ,na maṁ duṣkṛtino mudhaḥ prapadyante narādhamaḥ,pdf
116,mayayapahrta-jfana asuram bhavam asritah,māyayāpahṛta-jñānā āsuraṁ bhāvam āśritāḥ,māyāyāpāhṛta-jjana āsuraṁ bhavam āśritaḥ,pdf
117,catur-vidha bhajante mam janah sukrtino 'rjuna,catur-vidhā bhajante māṁ janāḥ su-kṛtino ’rjuna,catur-vidhā bhajante maṁ janaḥ sukṛtino ’rjunā,pdf
118,arto jijmasur artharthi ca bharatarsabha,ārto jijñāsur arthārthī jñānī ca bharatarṣabha,arto jijmāṣur arthārthi ca bharatarṣabha,pdf
119,bahunam janmanam ante mam prapadyate,bahūnāṁ janmanām ante jñānavān māṁ prapadyate,bahunaṁ janmanam ante maṁ prapadyate,pdf
120,vasudevah sarvam iti sa mahatma su-durlabhah,vāsudevaḥ sarvam iti sa mahātmā su-durlabhaḥ,vāsudevaḥ sarvam iti sa mahātma su-durlabhaḥ,pdf
121,kamais tais tair hrta-jnanah prapadyante 'nya-devatah,kāmais tais tair hṛta-jñānāḥ prapadyante ’nya-devatāḥ,kāmais tais tair hṛta-jñānaḥ prapadyante ’nya-devatāḥ,pdf
122,tam tam niyamam asthaya prakrtya niyatah svaya,taṁ taṁ niyamam āsthāya prakṛtyā niyatāḥ svayā,taṁ taṁ niyamām asthāya prakṛtya niyataḥ svaya,pdf
123,antavat tu phalam tesam tad bhavaty alpa-medhasam,antavat tu phalaṁ teṣāṁ tad bhavaty alpa-medhasām,antavat tu phalaṁ teṣaṁ tad bhavaty alpa-medhasam,pdf
124,devan deva-yajo yanti mad-bhakta-yanti mam api,devān deva-yajo yānti mad-bhaktā yānti mām api,devān deva-yajo yanti mad-bhakta-yanti mām āpi,pdf
125,avyaktam vyaktim apannam manyante mam abuddhayah,avyaktaṁ vyaktim āpannaṁ manyante mām abuddhayaḥ,avyaktaṁ vyaktim apannaṁ manyante mam abuddhayaḥ,pdf
126,param bhavam ajananto mamavyayam anuttamam,paraṁ bhāvam ajānanto mamāvyayam anuttamam,paraṁ bhavam ajananto mamavyayam anuttamam,pdf
127,naham prakasah sarvasya yoga-maya-savavrtah,nāhaṁ prakāśaḥ sarvasya yoga-māyā-samāvṛtaḥ,nahaṁ prakaśaḥ sarvasya yoga-māya-savavṛtaḥ,pdf
128,mugho 'yam nabhijanati loko mam ajam avyayam,mūḍho ’yaṁ nābhijānāti loko mām ajam avyayam,mugho ’yaṁ nabhijanati loko mam ajam avyayam,pdf
129,vedaham samatitani vartamanani carjuna,vedāhaṁ samatītāni vartamānāni cārjuna,vedāhaṁ samatitani vartamānāni carjunā,pdf
130,bhavisyani ca bhutani mam tu veda na kascana,bhaviṣyāṇi ca bhūtāni māṁ tu veda na kaścana,bhaviṣyāṇi ca bhūtāni maṁ tu veda na kaścana,pdf
131,iccha-dvesa samutthena dvandva-mohena bharata,icchā-dveṣa-samutthena dvandva-mohena bhārata,iccha-dveṣā samutthena dvandva-mohena bhārata,pdf
132,sarva-bhutani sammoham sarge yanti parantapa,sarva-bhūtāni sammohaṁ sarge yānti parantapa,sarva-bhūtāni sammohaṁ sarge yanti parantapa,pdf
133,yesam tv anta-gatam papam jananam punya-karmanam,yeṣāṁ tv anta-gataṁ pāpaṁ janānāṁ puṇya-karmaṇām,yeṣāṁ tv anta-gataṁ pāpaṁ jananaṁ punya-karmaṇām,pdf
134,te dvandva-moha-nirmukta bhajante mam drdha-vratah,te dvandva-moha-nirmuktā bhajante māṁ dṛḍha-vratāḥ,te dvāndva-moha-nirmukta bhajante maṁ dṛḍha-vrataḥ,pdf
135,anta-kale ca mam eva smaran muktva kalevaram,anta-kāle ca mām eva smaran muktvā kalevaram,anta-kāle ca mam eva smaran muktvā kalevaram,pdf
136,yah prayati sa mad-bhavam yati nasty atra samsayah,yaḥ prayāti sa mad-bhāvaṁ yāti nāsty atra saṁśayaḥ,yaḥ prayati sa mad-bhavaṁ yati nasty atra saṁśayaḥ,pdf
137,yam yam vapi smaran bhavam tyajaty ante kalevaram,yaṁ yaṁ vāpi smaran bhāvaṁ tyajaty ante kalevaram,yaṁ yaṁ vapi smaran bhavaṁ tyajaty ante kalevaram,pdf
138,tam tam evaiti kaunteya sada tad-bhava-bhavitah,taṁ tam evaiti kaunteya sadā tad-bhāva-bhāvitaḥ,taṁ tam evaiti kaunteya sada tad-bhava-bhāvitāḥ,pdf
139,mam upetya punar janma duhkhalayam asasvatam,mām upetya punar janma duḥkhālayam aśāśvatam,mam upetya punar janma duḥkhalayam aśasvatam,pdf
140,napnuvanti mahatmanah samsiddhim paramam gatah,nāpnuvanti mahātmānaḥ saṁsiddhiṁ paramāṁ gatāḥ,nāpnuvanti mahātmanaḥ saṁsiddhiṁ paramaṁ gataḥ,pdf
141,a-brahma-bhuvanal lokah punar avartino 'rjuna,ā-brahma-bhuvanāl lokāḥ punar āvartino ’rjuna,a-brahma-bhuvanal lokaḥ punar avartino ’rjunā,pdf
142,mam upetya tu kaunteya punar janma na vidyate,mām upetya tu kaunteya punar janma na vidyate,mam upetya tu kaunteya punar janma na vidyate,pdf
143,sahasra-yuga-paryantam ahar yad brahmano vidhuh,sahasra-yuga-paryantam ahar yad brahmaṇo viduḥ,sahasra-yuga-paryantam ahar yad brahmaṇo vidhuḥ,pdf
144,ratrim yuga-sahasrantam te 'ho-ratra-vido janah,rātriṁ yuga-sahasrāntāṁ te ’ho-rātra-vido janāḥ,rātrīṁ yuga-sahasrantaṁ te ’ho-ratra-vido janaḥ,pdf
145,bhuta-gramah sa evayam bhutva bhutva praliyate,bhūta-grāmaḥ sa evāyaṁ bhūtvā bhūtvā pralīyate,bhūta-gramaḥ sa evayaṁ bhūtvā bhūtvā pralīyate,pdf
146,ratry-agame 'vasah partha prabhavaty ahar-agame,rātry-āgame ’vaśaḥ pārtha prabhavaty ahar-āgame,rātry-agame ’vasaḥ partha prabhavaty ahar-āgame,pdf
147,paras tasmat tu bhavo 'nyo 'vyakto 'vyaktat sanatanah,paras tasmāt tu bhāvo ’nyo ’vyakto ’vyaktāt sanātanaḥ,paras tasmāt tu bhāvo ’nyo ’vyakto ’vyaktat sanātanaḥ,pdf
148,yah sa sarvesu bhutesu nasyatsu na vinasyati,yaḥ sa sarveṣu bhūteṣu naśyatsu na vinaśyati,yaḥ sa sarveṣu bhūteṣu nasyatsu na vinaśyati,pdf
149,raja-vidya raja-guhyam pavitram idam uttamam,rāja-vidyā rāja-guhyaṁ pavitram idam uttamam,rāja-vidyā raja-guhyaṁ pavitram idam uttamam,pdf
150,pratyaksavagamam dharmyam su-sukham kartum avyayam,pratyakṣāvagamaṁ dharmyaṁ su-sukhaṁ kartum avyayam,pratyakṣavagāmaṁ dharmyaṁ su-sukhaṁ kartum avyayaṁ,pdf
151,asraddadhanah purusa dharmasyasya parantapa,aśraddadhānāḥ puruṣā dharmasyāsya paran-tapa,aśraddadhānaḥ puruṣa dharmasyasya parantapa,pdf
152,aprapya mam nivartante mrtyu-samsara-vartmani,aprāpya māṁ nivartante mṛtyu-saṁsāra-vartmani,aprapya maṁ nivartante mṛtyu-saṁsara-vartmani,pdf
153,maya tatam idam sarvam jagad avyakta-murtina,mayā tatam idaṁ sarvaṁ jagad avyakta-mūrtinā,māyā tatam idaṁ sarvaṁ jagad avyakta-mūrtinā,pdf
154,mat-sthani sarva-bhutani na caham tesv avasthitah,mat-sthāni sarva-bhūtāni na cāhaṁ teṣv avasthitaḥ,mat-sthāni sarva-bhūtāni na cahaṁ teṣv avasthitaḥ,pdf
155,na ca mat-sthani bhutani pasya me yogam aisvaram,na ca mat-sthāni bhūtāni paśya me yogam aiśvaram,na ca mat-sthāni bhūtāni paśya me yogam aiśvaram,pdf
156,bhuta-bhrn na ca bhita-stho mamatma bhiuta-bhavanah,bhūta-bhṛn na ca bhūta-stho mamātmā bhūta-bhāvanaḥ,bhūta-bhṛn na ca bhita-stho mamātma bhīuta-bhāvanaḥ,pdf
157,mayadhyaksena prakrtih suyate sa-caracaram,mayādhyakṣeṇa prakṛtiḥ sūyate sa-carācaram,mayādhyakṣena prakṛtiḥ sūyate sa-carācaram,pdf
158,hetunanena kaunteya jagad viparivartate,hetunānena kaunteya jagad viparivartate,hetunānena kaunteya jagad viparivartate,pdf
159,avajananti mam mudha manusim tanum asritam,avajānanti māṁ mūḍhā mānuṣīṁ tanum āśritam,āvajananti maṁ mudha manuṣiṁ tanum āśritam,pdf
160,param bhavam ajananto mama bhuta-mahesvaram,paraṁ bhāvam ajānanto mama bhūta-maheśvaram,paraṁ bhavam ajananto mama bhūta-maheśvaram,pdf
161,moghasa mogha-karmano mogha-jnana vicetasah,moghāśā mogha-karmāṇo mogha-jñānā vicetasaḥ,moghāsā mogha-karmaṇo mogha-jñana vicetasaḥ,pdf
162,raksasim asurim caiva prakrtim mohinim sritah,rākṣasīm āsurīṁ caiva prakṛtiṁ mohinīṁ śritāḥ,rākṣasīm asuriṁ caiva prakṛtiṁ mohinīṁ śrītaḥ,pdf
163,mahatmanas tu mam partha daivim prakrtim asritah,mahātmānas tu māṁ pārtha daivīṁ prakṛtim āśritāḥ,mahātmanas tu maṁ partha daivīṁ prakṛtim aśritaḥ,pdf
164,bhajanty ananya-manaso jhatva bhutadim avyayam,bhajanty ananya-manaso jñātvā bhūtādim avyayam,bhajanty ananya-manaso jhatva bhūtadim avyayam,pdf
165,satatam kirtayanto mam yatantas ca drdha-vratah,satataṁ kīrtayanto māṁ yatantaś ca dṛḍha-vratāḥ,satataṁ kīrtayanto maṁ yatantaś ca dṛḍha-vrataḥ,pdf
166,namasyantas ca mam bhaktya nitya-yukta upasate,namasyantaś ca māṁ bhaktyā nitya-yuktā upāsate,namasyantaś ca maṁ bhaktyā nitya-yukta upāsate,pdf
167,pitaham asya jagato mata dhata pitamahah,pitāham asya jagato mātā dhātā pitāmahaḥ,pitāham asya jagato mata dhata pitāmahaḥ,pdf
168,vedyam pavitram omkara rk sama yajur eva ca,vedyaṁ pavitram oṁ-kāra ṛk sāma yajur eva ca,vedyaṁ pavitram oṁkara ṛk sama yajur eva ca,pdf
169,te tam bhuktva svarga-lokam visalam,te taṁ bhuktvā svarga-lokaṁ viśālaṁ,te taṁ bhuktvā svarga-lokaṁ viśalam,pdf
170,ksine punye martya-lokam visanti,kṣīṇe puṇye martya-lokaṁ viśanti,kṣiṇe punye martya-lokaṁ viśanti,pdf
171,evam trayi-dharmam anuprapanna,evaṁ trayī-dharmam anuprapannā,evaṁ trayi-dharmam anuprapannā,pdf
172,gatagatam kama-kama labhante,gatāgataṁ kāma-kāmā labhante,gatāgataṁ kāma-kāma labhānte,pdf
173,ananyas cintayanto mam ye janah paryupasate,ananyāś cintayanto māṁ ye janāḥ paryupāsate,ananyaś cintayanto maṁ ye janaḥ paryupāsate,pdf
174,tesam nityabhiyuktanam yoga-ksemam vahamy aham,teṣāṁ nityābhiyuktānāṁ yoga-kṣemaṁ vahāmy aham,teṣāṁ nityabhiyuktanaṁ yoga-kṣemaṁ vahāmy aham,pdf
175,ye 'py anya-devata-bhakta yajante sraddhayanvitah,ye ’py anya-devatā-bhaktā yajante śraddhayānvitāḥ,ye ’py anya-devata-bhakta yajante śraddhayānvitaḥ,pdf
176,te 'pi mam eva kaunteya yajanty avidhi-purvakam,te ’pi mām eva kaunteya yajanty avidhi-pūrvakam,te ’pi mam eva kaunteya yajanty avidhi-pūrvakam,pdf
177,yanti deva-vrata devan pitrn yanti pitr-vratah,yānti deva-vratā devān pitṝn yānti pitṛ-vratāḥ,yanti deva-vrata devan pitṝn yanti pitṛ-vrataḥ,pdf
178,bhutani yanti bhutejya yanti mad-yajino 'pi mam,bhūtāni yānti bhūtejyā yānti mad-yājino ’pi mām,bhūtāni yanti bhūtejya yanti mad-yajino ’pi mam,pdf
179,patram puspam phalam toyam yo me bhakta prayacchati,patraṁ puṣpaṁ phalaṁ toyaṁ yo me bhaktyā prayacchati,patraṁ puṣpaṁ phalaṁ toyaṁ yo me bhakta prayacchati,pdf
180,tad aham bhakty-upahrtam asnami prayatatmanah,tad ahaṁ bhakty-upahṛtam aśnāmi prayatātmanaḥ,tad ahaṁ bhakty-upahṛtam asnāmi prayatātmanaḥ,pdf
181,yat karosi yad asnasi yaj juhosi dadasi yat,yat karoṣi yad aśnāsi yaj juhoṣi dadāsi yat,yat karoṣi yad asnasi yaj juhoṣi dadāsi yat,pdf
182,yat tapasyasi kaunteya tat kurusva mad-arpanam,yat tapasyasi kaunteya tat kuruṣva mad-arpaṇam,yat tapasyasi kaunteya tat kuruṣva mad-arpaṇam,pdf
183,samo 'ham sarva-bhutesu na me dvesyo 'sti na priyah,samo ’haṁ sarva-bhūteṣu na me dveṣyo ’sti na priyaḥ,samo ’haṁ sarva-bhūteṣu na me dveṣyo ’sti na priyaḥ,pdf
184,ye bhajanti tu mam bhaktya mayi te tesu capy aham,ye bhajanti tu māṁ bhaktyā mayi te teṣu cāpy aham,ye bhajanti tu maṁ bhaktyā mayi te teṣu capy aham,pdf
185,api cet su-duracaro bhajate mam ananya-bhak,api cet su-durācāro bhajate mām ananya-bhāk,api cet su-durācaro bhajate mam ananya-bhāk,pdf
186,sadhur eva sa mantavyah samyag vyavasito hi sah,sādhur eva sa mantavyaḥ samyag vyavasito hi saḥ,sādhur eva sa mantavyaḥ samyag vyavasito hi saḥ,pdf
187,ksipram bhavati dharmatma sasvac-chantim nigacchati,kṣipraṁ bhavati dharmātmā śaśvac-chāntiṁ nigacchati,kṣipraṁ bhavati dharmātma sasvac-chantiṁ nigacchati,pdf
188,kaunteya pratijanthi na me bhaktah pranasyati,kaunteya pratijānīhi na me bhaktaḥ praṇaśyati,kaunteya pratijanīhi na me bhaktaḥ praṇasyati,pdf
189,mam hi partha vyapasritya ye 'pi syuh papa-yonayah,māṁ hi pārtha vyapāśritya ye ’pi syuḥ pāpa-yonayaḥ,maṁ hi pārtha vyapāśritya ye ’pi syuḥ pāpa-yonayaḥ,pdf
190,striyo vaisyas tatha sudras te 'pi yanti param gatim,striyo vaiśyās tathā śūdrās te ’pi yānti parāṁ gatim,striyo vaiśyas tathā śudras te ’pi yanti paraṁ gatim,pdf
191,kim punar brahmanah punya bhakta rajarsayas tatha,kiṁ punar brāhmaṇāḥ puṇyā bhaktā rājarṣayas tathā,kiṁ punar brahmaṇaḥ punya bhakta rajarṣayas tathā,pdf
192,anityam asukham lokam imam prapya bhajasva mam,anityam asukhaṁ lokam imaṁ prāpya bhajasva mām,anityām asukhaṁ lokam imaṁ prapya bhajasva mam,pdf
193,man-mana bhava mad-bhakto mad-yaji mam namaskuru,man-manā bhava mad-bhakto mad-yājī māṁ namaskuru,man-māna bhava mad-bhakto mad-yaji maṁ namaskuru,pdf
194,mam evaisyasi yuktvaivam atmanam mat-parayanah,mām evaiṣyasi yuktvaivam ātmānaṁ mat-parāyaṇaḥ,mam evaiṣyasi yuktvaivam ātmanaṁ mat-parāyaṇaḥ,pdf
195,na me viduh sura-ganah prabhavam na maharsayah,na me viduḥ sura-gaṇāḥ prabhavaṁ na maharṣayaḥ,na me viduḥ sura-gaṇāḥ prabhavaṁ na maharṣayaḥ,pdf
196,aham adir hi devanam maharsinam ca sarvasah,aham ādir hi devānāṁ maharṣīṇāṁ ca sarvaśaḥ,aham adir hi devanaṁ maharṣiṇaṁ ca sarvaśaḥ,pdf
197,aham sarvasya prabhavo mattah sarvam pravartate,ahaṁ sarvasya prabhavo mattaḥ sarvaṁ pravartate,ahaṁ sarvasya prabhavo mattaḥ sarvaṁ pravartate,pdf
198,iti matva bhajante mam budha bhava-samanvitah,iti matvā bhajante māṁ budhā bhāva-samanvitāḥ,iti matvā bhajante maṁ budha bhava-samānvitaḥ,pdf
199,mac-citta mad-gata-prana bodhayantah parasparam,mac-cittā mad-gata-prāṇā bodhayantaḥ parasparam,mac-cittā mad-gata-praṇā bodhayantaḥ parasparam,pdf
200,kathayantas ca mam nityam tusyanti ca ramanti ca,kathayantaś ca māṁ nityaṁ tuṣyanti ca ramanti ca,kathayantaś ca maṁ nityaṁ tuṣyanti ca ramanti ca,pdf
201,tesam satata-yuktanam bhajatam priti-purvakam,teṣāṁ satata-yuktānāṁ bhajatāṁ prīti-pūrvakam,teṣāṁ satāta-yuktānaṁ bhajataṁ prīti-pūrvakam,pdf
202,dadami buddhi-yogam tam yena mam upayanti te,dadāmi buddhi-yogaṁ taṁ yena mām upayānti te,dadāmi buddhi-yogaṁ taṁ yena mam upayanti te,pdf
203,tesam evanukampartham aham ajfana-jam tamah,teṣām evānukampārtham aham ajñāna-jaṁ tamaḥ,teṣām evānukampartham aham ajjana-jaṁ tamaḥ,pdf
204,nasayamy atma-bhava-stho bhasvata,nāśayāmy ātma-bhāva-stho jñāna-dīpena bhāsvatā,nāśayāmy ātma-bhāva-stho bhasvatā,pdf
205,arjuna uvaca,arjuna uvāca,arjuna uvāca,pdf
206,param brahma param dhama pavitram paramam bhavan,paraṁ brahma paraṁ dhāma pavitraṁ paramaṁ bhavān,paraṁ brahma paraṁ dhāma pavitraṁ paramaṁ bhavān,pdf
207,purusam sasvatam divyam adi-devam ajam vibhum,puruṣaṁ śāśvataṁ divyam ādi-devam ajaṁ vibhum,puruṣaṁ sasvataṁ divyam ādi-devam ajaṁ vibhum,pdf
208,ahus tvam rsayah sarve devarsir naradas tatha,āhus tvām ṛṣayaḥ sarve devarṣir nāradas tathā,ahus tvam ṛṣayaḥ sarve devarṣir naradas tathā,pdf
209,asito devalo vyasah svayam caiva bravisi me,asito devalo vyāsaḥ svayaṁ caiva bravīṣi me,asito devālo vyasaḥ svayaṁ caiva bravīṣi me,pdf
210,sarvam etad rtam manye yan mam vadasi kesava,sarvam etad ṛtaṁ manye yan māṁ vadasi keśava,sarvam etad ṛtaṁ manye yan maṁ vadasi keśava,pdf
211,na hi te bhagavan vyaktim vidur deva na danavah,na hi te bhagavan vyaktiṁ vidur devā na dānavāḥ,na hi te bhagavān vyaktiṁ vidur deva na dānavaḥ,pdf
212,mrtyuh sarva-haras caham udbhavas ca bhavisyatam,mṛtyuḥ sarva-haraś cāham udbhavaś ca bhaviṣyatām,mṛtyuḥ sarva-haraś caham udbhavaś ca bhaviṣyatam,pdf
213,sarva-yonisu kaunteya murtayah sambhavanti yah,sarva-yoniṣu kaunteya mūrtayaḥ sambhavanti yāḥ,sarva-yoniṣu kaunteya mūrtayaḥ sambhavanti yaḥ,pdf
214,tasam brahma mahad yonir aham bija-pradah pita,tāsāṁ brahma mahad yonir ahaṁ bīja-pradaḥ pitā,tasaṁ brahma mahād yonir ahaṁ bija-pradaḥ pitā,pdf
215,urdhvam gacchanti sattva-stha madhye tisthanti rajasah,ūrdhvaṁ gacchanti sattva-sthā madhye tiṣṭhanti rājasāḥ,ūrdhvaṁ gacchanti sattva-stha madhye tiṣṭhanti rājasāḥ,pdf
216,jaghanya-guna-vrtti-stha adho gacchanti tamasah,jaghanya-guṇa-vṛtti-sthā adho gacchanti tāmasāḥ,jaghanya-guṇa-vṛtti-stha adho gacchanti tamasaḥ,pdf
217,mam ca yo 'vyabhicarena bhakti-yogena sevate,māṁ ca yo ’vyabhicāreṇa bhakti-yogena sevate,maṁ ca yo ’vyabhicareṇa bhakti-yogena sevate,pdf
218,sa gunan samatityaitan brahma-bhuyaya kalpate,sa guṇān samatītyaitān brahma-bhūyāya kalpate,sa guṇān samatityaitan brahma-bhūyāya kalpate,pdf
219,brahmano hi pratisthaham amrtasyavyayasya ca,brahmaṇo hi pratiṣṭhāham amṛtasyāvyayasya ca,brahmaṇo hi pratiṣṭhaham amṛtasyavyayasya ca,pdf
220,sasvatasya ca dharmasya sukhasyaikantikasya ca,śāśvatasya ca dharmasya sukhasyaikāntikasya ca,śasvatasya ca dharmasya sukhasyaikantīkasya ca,pdf
221,sri bhagavan uvaca,śrī-bhagavān uvāca,śrī bhagavān uvāca,pdf
222,urdhva-malam adhah-sakham asvattham prahur avyayam,ūrdhva-mūlam adhaḥ-śākham aśvatthaṁ prāhur avyayam,ūrdhva-mālam adhaḥ-sakham asvatthaṁ prahur avyayam,pdf
223,chandamsi yasya parnani yas tam veda sa veda-vit,chandāṁsi yasya parṇāni yas taṁ veda sa veda-vit,chandāṁsi yasya parṇani yas taṁ veda sa veda-vit,pdf
224,na tad bhasayate suryo na sasanko na pavakah,na tad bhāsayate sūryo na śaśāṅko na pāvakaḥ,na tad bhaṣayate suryo na śaśaṅko na pāvakaḥ,pdf
225,yad gatva na nivartante tad dhama paramam mama,yad gatvā na nivartante tad dhāma paramaṁ mama,yad gatvā na nivartante tad dhama paramaṁ mama,pdf
226,mamaivamso jiva-loke jiva-bhutah sanatanah,mamaivāṁśo jīva-loke jīva-bhūtaḥ sanātanaḥ,māmaivāṁśo jīva-loke jīva-bhūtaḥ sanātanaḥ,pdf
227,manah sasthanindriyani prakrti-sthani karsati,manaḥ-ṣaṣṭhānīndriyāṇi prakṛti-sthāni karṣati,manaḥ sasṭhānindriyāṇi prakṛti-sthāni karṣatī,pdf
228,sarvasya caham hrdi sannvistho,sarvasya cāhaṁ hṛdi sanniviṣṭo,sarvasya cahaṁ hṛdi sannviṣṭho,pdf
229,mattah smrtir jfianam apohanam ca,mattaḥ smṛtir jñānam apohanaṁ ca,mattaḥ smṛtir jjiānam apohanaṁ ca,pdf
230,vedais ca sarvair aham eva vedyo,vedaiś ca sarvair aham eva vedyo,vedaiś ca sarvair aham eva vedyo,pdf
231,vedanta-krd veda-vid eva caham,vedānta-kṛd veda-vid eva cāham,vedānta-kṛd veda-vid eva caham,pdf
232,yo mam evam asammiudho janati purusottamam,yo mām evam asammūḍho jānāti puruṣottamam,yo mam evam asammiudho janati puruṣottamam,pdf
233,sa sarva-vid bhajati mam sarva-bhavena bharata,sa sarva-vid bhajati māṁ sarva-bhāvena bhārata,sa sarva-vid bhajati maṁ sarva-bhāvena bhārata,pdf
234,$ri-bhagavan uvaca,śrī-bhagavān uvāca,śrī-bhagavān uvāca,pdf
235,abhayam sattva-samsuddhir jfana-yoga-vyavasthitih,abhayaṁ sattva-saṁśuddhir jñāna-yoga-vyavasthitiḥ,abhūyaṁ sattva-saṁśuddhir jjana-yoga-vyavasthitiḥ,pdf
236,danam damas ca yajfias ca svadhyayas tapa arjavam,dānaṁ damaś ca yajñaś ca svādhyāyas tapa ārjavam,danaṁ damaś ca yajjiāś ca svadhyayas tapa ārjavam,pdf
237,ahimsa satyam akrodhas tyagah santir apaisunam,ahiṁsā satyam akrodhas tyāgaḥ śāntir apaiśunam,ahiṁsa satyam akrodhas tyagaḥ santir apaiśūṇāṁ,pdf
238,daya bhutesyv aloluptvam mardavam hrir acapalam,dayā bhūteṣv aloluptvaṁ mārdavaṁ hrīr acāpalam,dayā bhūteṣvv aloluptvaṁ mardavaṁ hrir acapalam,pdf
239,tejah ksama dhrtih saucam adroho nati-manita,tejaḥ kṣamā dhṛtiḥ śaucam adroho nāti-mānitā,tejaḥ kṣamā dhṛtiḥ śaucam adroho nati-mānitā,pdf
240,bhavanti sampadam daivim abhijatasya bharata,bhavanti sampadaṁ daivīm abhijātasya bhārata,bhavanti sampadaṁ daivim abhijatasya bhārata,pdf
241,pravrttim ca nivrttim ca jana na vidur asurah,pravṛttiṁ ca nivṛttiṁ ca janā na vidur āsurāḥ,pravṛttiṁ ca nivṛttiṁ ca jana na vidur asuraḥ,pdf
242,na saucam napi cacaro na satyam tesu vidyate,na śaucaṁ nāpi cācāro na satyaṁ teṣu vidyate,na śaucaṁ napi cacaro na satyaṁ teṣu vidyate,pdf
243,asatyam apratistham te jagad ahur anisvaram,asatyam apratiṣṭhaṁ te jagad āhur anīśvaram,asatyam apratiṣṭhaṁ te jagad ahur anīśvaram,pdf
244,aparaspara-sambhutam kim anyat kama-haitukam,aparaspara-sambhūtaṁ kim anyat kāma-haitukam,aparaspara-sambhūtaṁ kim anyat kama-haitukam,pdf
245,etam drstim avastabhya nastatmano 'ipa-buddhayah,etāṁ dṛṣṭim avaṣṭabhya naṣṭātmāno ’lpa-buddhayaḥ,etaṁ dṛṣṭim avastabhya nasṭātmano ’lpa-buddhayaḥ,pdf
246,prabhavanty ugra-karmanah ksayaya jagato 'hitah,prabhavanty ugra-karmāṇaḥ kṣayāya jagato ’hitāḥ,prabhāvanty ugra-karmaṇaḥ kṣayayā jagato ’hitaḥ,pdf
247,tri-vidham narakasyedam dvaram nasanam atmanah,tri-vidhaṁ narakasyedaṁ dvāraṁ nāśanam ātmanaḥ,tri-vidhaṁ narakasyedaṁ dvaraṁ naśanam ātmanaḥ,pdf
248,kamah krodhas tatha lobhas tasmad etat trayam tyajet,kāmaḥ krodhas tathā lobhas tasmād etat trayaṁ tyajet,kamaḥ krodhas tathā lobhas tasmād etat trayaṁ tyajet,pdf
249,yah sastra-vidhim utsrjya vartate kama-karatah,yaḥ śāstra-vidhim utsṛjya vartate kāma-kārataḥ,yaḥ śastra-vidhim utsṛjya vartate kāma-kārataḥ,pdf
250,na sa siddhim avapnoti na sukham na param gatim,na sa siddhim avāpnoti na sukhaṁ na parāṁ gatim,na sa siddhim avapnoti na sukhaṁ na paraṁ gatim,pdf
251,samo damas tapah saucam ksantir arjavam eva ca,śamo damas tapaḥ śaucaṁ kṣāntir ārjavam eva ca,samo damas tapaḥ śaucaṁ kṣantir arjavam eva ca,pdf
252,jmanam vijmanam astikyam brahma-karma svabhava-jam,jñānaṁ vijñānam āstikyaṁ brahma-karma svabhāva-jam,jmanaṁ vijmanam astikyaṁ brahma-karma svabhāva-jam,pdf
253,sauryam tejo dhrtir daksyam yuddhe capy apalayanam,śauryaṁ tejo dhṛtir dākṣyaṁ yuddhe cāpy apalāyanam,sauryāṁ tejo dhṛtir dakṣyaṁ yuddhe capy apalāyanam,pdf
254,danam isvara-bhavas ca ksatram karma svabhava-jam,dānam īśvara-bhāvaś ca kṣātraṁ karma svabhāva-jam,dānam īśvara-bhāvaś ca kṣatraṁ karma svabhāva-jam,pdf
255,krsi-go-raksya-vanijyam vaisya-karma svabhava-jam,kṛṣi-go-rakṣya-vāṇijyaṁ vaiśya-karma svabhāva-jam,kṛṣi-go-rakṣya-vanijyaṁ vaiṣya-karma svabhāva-jam,pdf
256,paricaryatmakam karma sudrasyapi svabhava-jam,paricaryātmakaṁ karma śūdrasyāpi svabhāva-jam,paricaryātmakaṁ karma sudrasyapi svabhāva-jam,pdf
257,sve sve karmany abhiratah samsiddhim labhate narah,sve sve karmaṇy abhirataḥ saṁsiddhiṁ labhate naraḥ,sve sve karmaṇy abhirataḥ saṁsiddhiṁ labhate naraḥ,pdf
258,sva-karma-niratah siddhim yatha vindati tac chrnu,sva-karma-nirataḥ siddhiṁ yathā vindati tac chṛṇu,sva-karma-nirataḥ siddhiṁ yathā vindati tac chṛṇu,pdf
259,yatah pravrttir bhuitanam yena sarvam idam tatam,yataḥ pravṛttir bhūtānāṁ yena sarvam idaṁ tatam,yataḥ pravṛttir bhūitanaṁ yena sarvam idaṁ tataṁ,pdf
260,sva-karmana tam abhyarcya siddhim vindati manavah,sva-karmaṇā tam abhyarcya siddhiṁ vindati mānavaḥ,sva-karmaṇā tam abhyarcya siddhiṁ vindati mānavaḥ,pdf
261,brahma-bhutah prasannatma na socati na kanksati,brahma-bhūtaḥ prasannātmā na śocati na kāṅkṣati,brahma-bhūtaḥ prasannātma na śocati na kaṅkṣatī,pdf
262,samah sarvesu bhutesu mad-bhaktim labhate param,samaḥ sarveṣu bhūteṣu mad-bhaktiṁ labhate parām,samaḥ sarveṣu bhūteṣu mad-bhaktiṁ labhate param,pdf
263,bhaktya mam abhijanati yavan yas casmi tattvatah,bhaktyā mām abhijānāti yāvān yaś cāsmi tattvataḥ,bhaktyā mam abhijanati yavan yaś casmi tattvataḥ,pdf
264,tato mam tattvato jmatva visate tad-anantaram,tato māṁ tattvato jñātvā viśate tad-anantaram,tato maṁ tattvato jmatva viṣate tad-anantaram,pdf
265,isvarah sarva-bhutanam hrd-dese 'rjuna tisthati,īśvaraḥ sarva-bhūtānāṁ hṛd-deśe ’rjuna tiṣṭhati,īśvaraḥ sarva-bhūtānaṁ hṛd-deśe ’rjuna tiṣṭhati,pdf
266,bhramayan sarva-bhutani yantrarudhani mayaya,bhrāmayan sarva-bhūtāni yantrārūḍhāni māyayā,bhrāmayan sarva-bhūtāni yantrarūdhāni māyāyā,pdf
267,iti te jiaanam akhyatam guhyad guhyataram maya,iti te jñānam ākhyātaṁ guhyād guhya-taraṁ mayā,iti te jiaānam akhyataṁ guhyad guhyataraṁ mayā,pdf
268,vimrsyaitad asesena yathecchasi tatha kuru,vimṛśyaitad aśeṣeṇa yathecchasi tathā kuru,vimṛśyaitad aśeṣeṇa yathecchasi tathā kuru,pdf
269,man-mana bhava mad-bhakto mad-yaji mam namaskuru,man-manā bhava mad-bhakto mad-yājī māṁ namaskuru,man-māna bhava mad-bhakto mad-yaji maṁ namaskuru,pdf
270,mam evaisyasi satyam te pratijane priyo 'si me,mām evaiṣyasi satyaṁ te pratijāne priyo ’si me,mam evaiṣyasi satyaṁ te pratijane priyo ’si me,pdf
271,sarva-dharman parityajya mam ekam saranam vraja,sarva-dharmān parityajya mām ekaṁ śaraṇaṁ vraja,sarva-dharman parityajya mam ekaṁ śaraṇaṁ vraja,pdf
272,aham tvam sarva-papebhyo moksayisyami ma sucah,ahaṁ tvāṁ sarva-pāpebhyo mokṣayiṣyāmi mā śucaḥ,ahaṁ tvaṁ sarva-papebhyo mokṣayiṣyami mā śucaḥ,pdf
273,ya idam paramam guhyam mad-bhaktesv abhidhasyati,ya idaṁ paramaṁ guhyaṁ mad-bhakteṣv abhidhāsyati,ya idaṁ paramaṁ guhyaṁ mad-bhakteṣv abhidhasyati,pdf
274,bhaktim mayi param krtva mam evaisyaty asamsayah,bhaktiṁ mayi parāṁ kṛtvā mām evaiṣyaty asaṁśayaḥ,bhaktiṁ mayi paraṁ kṛtvā mam evaiṣyaty asaṁśayaḥ,pdf
275,na ca tasman manusyesu kascin me priya-krttamah,na ca tasmān manuṣyeṣu kaścin me priya-kṛttamaḥ,na ca tasmān manuṣyeṣu kaścin me priya-kṛttamaḥ,pdf
276,bhavita na ca me tasmad anyah priyataro bhuvi,bhavitā na ca me tasmād anyaḥ priya-taro bhuvi,bhavitā na ca me tasmād anyaḥ priyataro bhuvi,pdf
277,arjuna uvaca,arjuna uvāca,arjuna uvāca,pdf
278,nasto mohah smrtir labdha tvat-prasadan mayacyuta,naṣṭo mohaḥ smṛtir labdhā tvat-prasādān mayācyuta,naṣṭo mohaḥ smṛtir labdha tvat-prasadān mayācyuta,pdf
279,sthito 'smi gata-sandehah karisye vacanam tava,sthito ’smi gata-sandehaḥ kariṣye vacanaṁ tava,sthito ’smi gata-sandehaḥ kariṣye vacanaṁ tava,pdf
280,yatra yogesvarah krsno yatra partho dhanur-dharah,yatra yogeśvaraḥ kṛṣṇo yatra pārtho dhanur-dharaḥ,yatra yogeśvaraḥ kṛṣṇo yatra partho dhanur-dharaḥ,pdf
281,tatra ssrir vijayo bhutir dhruva nitir matir mama,tatra śrīr vijayo bhūtir dhruvā nītir matir mama,tatra śśrīr vijayo bhūtir dhruva nitir matir mama,pdf
282,vifvam vierurvasatkiro,viśvaṁ viṣṇurvaṣaṭkārō ,vijvaṁ vierurvaśatkīro,website
283,bhotabhavyathavatprabiuh,bhūtabhavyabhavatprabhuḥ,bhotābhavyathāvatprabiuḥ,website
284,bhatalerd bharabhrdbhavo,bhūtakṛdbhūtabhṛdbhāvō ,bhūṭālerd bharabhṛdbhavo,website
285,bhoriema bhorabhavanch,bhūtātmā bhūtabhāvanaḥ ,bhoriemā bhorabhavancḥ,website
286,yaych purussh siket ksetrajfiothsara eva ca,avyayaḥ puruṣaḥ sākṣī kṣetrajñōkṣara eva ca,yaycḥ puruṣṣḥ siket kṣetrajjjotḥsara eva ca,website
287,yego yogavidam neta oradhanspurusefvarch,yōgō yōgavidāṁ netā pradhānapuruṣeśvaraḥ,yego yogāvidaṁ neta oradhānspuruṣejvarcḥ,website
288,carvah éarvaly divah sthanur bhotadirnidhirevyaysh,sarvaḥ śarvaḥ śivaḥ sthāṇurbhūtādirnidhiravyayaḥ,carvaḥ śarvāly divaḥ sthanur bhotadirṇidhirevyaysḥ,website
289,cambhavo bhavano thaa prabhuriévarch,saṁbhavō bhāvanō bhartā prabhavaḥ prabhurīśvaraḥ,cambhavo bhavano thaa prabhuriśvarcḥ,website
290,cvayambhoh puskarakso mahsvansh,svayaṁbhūḥ śaṁbhurādityaḥ puṣkarākṣō mahāsvanaḥ,cvayambhoḥ puṣkarakṣo maḥsvansḥ,website
291,madinidhano dhata vidhara dhatururtamsh,anādinidhanō dhātā vidhātā dhāturuttamaḥ,mādinīdhāno dhata vidhāra dhāturūrtaṁsḥ,website
292,iprameyo hrsikelsh padmansbho'mareprablich,aprameyō hṛṣīkeśaḥ padmanābhōmaraprabhuḥ,iprameyo hṛṣīkelṣḥ padmansbho’mareprablicḥ,website
293,vifvakarma manustvasta thavisthah sthaviro dhruvah,viśvakarmā manusvtaṣṭā sthaviṣṭhassthavirō dhruvaḥ,vijvakarma manuṣtvasṭa thaviṣṭhaḥ sthaviro dhruvaḥ,website
294,erhysh sifvato krsno ichitalssh praterdanch,agrāhyaḥ śāśvataḥ kṛṣṇō lōhitākṣaḥ pratardanaḥ,erhysḥ sijvato kṛṣṇo ichitālṣṣḥ prateṛdancḥ,website
295,orabhotastrikekubdhams oavitrem mafealam param,prabhūtastrikakubdhāma pavitraṁ maṁgalaṁ param,orabhotāstrīkekubdhāṁs oavitreṁ majealaṁ param,website
296,iandh prnadah prano fyesthah sresthsh prajipatih,īśānaḥ prāṇadaḥ prāṇō jyeṣṭhaḥ śreṣṭhaḥ prajāpatiḥ,jandḥ pṛṇādaḥ praṇo īyeṣṭhaḥ śreṣṭḥsḥ prajīpatiḥ,website
297,hniranysgarbho bhogertho madhavo madhustdansh,hiraṇyagarbhō bhūgarbhō mādhavō madhusūdanaḥ,hnirānysgarbho bhogertho madhavo madhuṣīdaṅsḥ,website
298,vikramee dhanvee medhavee vikramsh kramh,īśvarō vikramī dhanvī medhāvī vikramaḥ kramaḥ,vikramee dhanvee medhavee vikramsḥ kraṁḥ,website
299,imuttamo duradharssh letiraemavan,anuttamō durādharṣaḥ kṛtajñaḥ kṛtirātmavān,imuttamo duradhārṣṣḥ letiraemavan,website
300,dish samvatsaro vyalsh oratyayah sarvadardansh,ahaḥ saṁvatsarō vyālaḥ pratyayassarvadarśanaḥ,diśḥ saṁvatsaro vyalṣh oratyayaḥ sarvadārdansḥ,website
301,visikapirameystma carvayceavinihsrtsh,vṛṣākapirameyātmā sarvayōgaviniḥsṛtaḥ,viṣikapirameystma carvayceaviniḥsṛtsḥ,website
302,vesurvasumanth satych camatma'sammitah sameh,vasurvasumanāḥ satyaḥ samātmā sammitaḥ samaḥ,veṣurvāsumanīḥ satycḥ camātma’sammitaḥ sameḥ,website
303,amoghth pundartkakso vrsakarma,amōghaḥ puṇḍarīkākṣō vṛṣakarmā vṛṣākṛtiḥ,amoghīḥ puṇḍartkakṣo vṛṣakarma,website
304,rudro. bahufira. babhrur vifvayonih ucifravgh,rudrō bahuśirā babhrurviśvayōniḥ śuciśravāḥ,rudroṁ bahujiraḥ babhrur vijvayonih ucijrāvgḥ,website
305,ametah dafvara sthamur vararcho mahatapah,amṛtaḥ śāśvataḥ sthāṇurvarārōhō mahātapāḥ,ametaḥ dajvara sthāmur vararcho mahātāpaḥ,website
306,carvageh sarvavidbhanur visvakseno janardanch,sarvagaḥ sarvavidbhānurviṣvaksenō janārdanaḥ,carvageḥ sarvavidbhanur viśvakṣeno janārdancḥ,website
307,velo vedavidavyargo vedargo vedavit kavih,vedō vedavidavyaṅgō vedāṅgō vedavit kaviḥ,velo vedāvidavyargo vedargo vedavīt kaviḥ,website
308,lckadbyakssh dharmadhyaksah krtaletah,lōkādhyakṣaḥ surādhyakṣō dharmādhyakṣaḥ kṛtākṛta:,lckādbyākṣṣḥ dharmadhyakṣaḥ kṛtāletaḥ,website
309,cavuratma carurvyaheh cavurdamstrafcaturthugh,caturātmā caturvyūhaścaturdaṁṣṭraścaturbhujaḥ,cāvurātma cārurvyaheḥ cavūrdaṁstrajcatūrthugḥ,website
310,bhajiernr bhojinam thoes cahsisnurjagedadijeh,bhrājiṣṇurbhōjanaṁ bhōktā sahiṣṇurjagadādijaḥ,bhajierṇr bhojinam thoeś caḥśiṣṇurjagedadijeḥ,website
311,magho vijryo fera vigvayonth. punarvasuh,anaghō vijayō jetā viśvayōniḥ punarvasuḥ,magho vijryo jera vigvayonthī punarvaśuḥ,website
312,upendro vamanch praméur amoghsh ducirarjitah,upendrō vāmanaḥ prāṁśuramōghaḥ śucirūrjitaḥ,upendro vamancḥ praṁśur amogḥsḥ ducirarjitaḥ,website
313,iindrh semgrahch srgo dhrttma niyamo yamch,atīndraḥ saṅgrahaḥ sargō dhṛtātmā niyamō yama,iindṛḥ seṁgrahcḥ sṛgo dhṛtīma niyamo yamcḥ,website
314,velyo vaidysh sedaycg1 viraha madhavo madhuh,vedyō vaidyaḥ sadāyōgī vīrahā mādhavō madhuḥ,velyo vaidyṣḥ sedaycgī virāha mādhavo madhuḥ,website
315,indriyo mahamayo mahabalsh,atīndriyō mahāmāyō mahōtsāhō mahābalaḥ,indriyo mahāmayo mahābalṣḥ,website
316,mahesvaso mahibharta frinivssh seramgerih,maheṣvāsō mahībhartā śrīnivāsaḥ satāṁ gatiḥ,maheṣvaso mahibharta īriṇivṣṣḥ seraṁgeriḥ,website
317,miraddhah surinando rovindo govidampatih,aniruddhaḥ surānandō gōvindō gōvidāṁ patiḥ,miraddhāḥ surinando roviṇdo govidampatiḥ,website
318,mariciedamano hamsah suparo bhujagortamah,marīcirdamanō haṁsaḥ suparṇō bhujagōttamaḥ,mariciedamano haṁsaḥ suparo bhujagortamāḥ,website
319,hiragyanabhah sutapah padmanibhah prajipatih,hiraṇyanābhaḥ sutapāḥ padmanābhaḥ prajāpati:,hiragyaṇābhaḥ sutapaḥ padmanibhaḥ prajīpatiḥ,website
320,curth gururamo dhimah suya. supaparikeamah,gururgurutamō dhāmaḥ satyaḥ satyaparākramaḥ,cūrīḥ gururamo dhimaḥ sūyaṅ sūpāparikeamaḥ,website
321,shah samvartako vanhiranilo dharagidhara,ahaḥ saṁvartakō vahniranilō dharaṇīdharaḥ,shaḥ saṁvārtako vanhiraṇilo dharagīdhāra,website
322,cuprasidah prassnnitma.,suprasādaḥ prasannātmā viśvadhṛgviśvabhugvibhuḥ,cuprasīdaḥ praśṣnnītmaḥ,website
323,catharta sathytah sidhurfanhurnarayago narah,satkartā satkṛtaḥ sādhurjahnurnārāyaṇō naraḥ,catharta sathytaḥ sidhurjaṇhūrnārayago naraḥ,website
324,isaikhyeyo'prameyatma videa dstabpechucih,asaṅkhyeyō prameyātmā viśiṣṭaḥ śiṣṭakṛcchuciḥ,iṣaikhyeyo’prameyātma videa dṣṭabpechuciḥ,website
325,iddharthah siddhasathalpah siddhidah siddhissdhanah.,siddhārthaḥ siddhasaṅkalpaḥ siddhidaḥ siddhisādhanaḥ,iddhārthaḥ siddhāsathalpaḥ siddhidaḥ siddhiṣṣdhānahī,website
326,vistht vembho vispuevigaparva visodarah,vṛṣāhī vṛṣabhō viṣṇurvṛṣaparvā vṛṣōdaraḥ,viṣṭhī vembho viṣpuevigaparva viśodaraḥ,website
327,vardhano vardhamanatca viviktah érutisigacah,vardhanō vardhamānaśca viviktaḥ śrutisāgaraḥ,vardhano vardhamanatca viviktaḥ śrutiṣigacaḥ,website
328,cubhujo durdharo vigmt makendro vasudo vasuh,subhujō durdharō vāgmī mahendrō vasudō vasuḥ,cubhujo dūrdharo vigmī makendro vasudo vasuḥ,website
329,ojestejodyutidharah prakafitma pratipanah,ōjastejōdyutidharaḥ prakāśātmā pratāpanaḥ,ojeṣṭejodyutidhāraḥ prakalitma pratīpanaḥ,website
330,rdvah. spastahsaro,ṛddhaḥ spaṣṭākṣarō mantraścandrāṁśurbhāskaradyutiḥ,ṛdvāhī spaśṭaḥsaro,website
331,ribbing anddih kumodih,śubhāṅgaḥ śāntidaḥ sraṣṭā kumudaḥ kuvaleśayaḥ,ribbiṅg anddiḥ kumodiḥ,website
332,sutkepei ksemakrechivah,anivartī nivṛttātmā saṁkṣeptā kṣemakṛcchivaḥ,sutkepei kṣemakṛcchivaḥ,website
333,sige veen diel l bo,svakṣaḥ svaṅgaḥ śatānaṅdō naṅdirjyōtirgaṇeśvaraḥ,sige veen diel ī bo,website
334,mee a cae,vijitātmā vidheyātmā satkīrtiśchinnasaṁśayaḥ,mee a cae,website
335,udirnah sarvatascaksurantéah sagvatasthirah,udīrṇaḥ sarvataścakṣuranīśaḥ śāśvatasthiraḥ,udīrṇaḥ sarvataścakṣuranīśaḥ sagvatasthiraḥ,website
336,bhudayo bhusano bhatirasokah,bhūśayō bhūṣaṇō bhūtirviśōkaḥ śōkanāśanaḥ,bhūdayo bhūṣaṇo bhatirāśokaḥ,website
337,arcismanarcitah kumbho viduddhatma vidodhanah,arciṣmānarcitaḥ kuṁbhō viśuddhātmā viśōdhanaḥ,arciṣmānārcitaḥ kumbho viduddhātma vidodhanaḥ,website
338,aniruddho' pratirathah pradyumno'mitavikramah,aniruddhōpratirathaḥ pradyumnōmitavikramaḥ,aniruddho’ pratirathaḥ pradyumno’mitavikramaḥ,website
339,kamadevah kamopalah kims ksotab kytigamch,kāmadevaḥ kāmapālaḥ kāmī kāntaḥ kṛtāgamaḥ,kamadevaḥ kamopalaḥ kiṁś kṣotab kytigamcḥ,website
340,viromo dirramjyah,anirdeśyavapurviṣṇurvīrōnantō dhanañjayaḥ,viromo dirraṁjyaḥ,website
341,bromminasn f,brahmaṇyō brahmakṛdbrahmā brahma brahmavivardhanaḥ,bromminasn ī,website
342,drain d to,brahmavidbrāhmaṇō brahmī brahmajñō brāhmaṇapriyaḥ,drain d to,website
343,mahakramo mahakarma mahatera mahoragah,mahākramō mahākarmā mahātejā mahōragaḥ,mahākramo mahākarma mahatera mahoragaḥ,website
344,mahakraturmahayajva mahayajfio mahahavih,mahākraturmahāyajvā mahāyajñō mahāhaviḥ,mahākraturmahayajva mahāyajjio mahāhaviḥ,website
345,stavyah stava-priyah stotrath stutah stota rapa-priyah,stavyaḥ stavapriyaḥ stōtraṁ stutiḥ stōtā raṇapriyaḥ,stavyaḥ stava-priyaḥ stotratḥ stutaḥ stota rāpa-priyaḥ,website
346,parnah purayita punyah pugya-kirtiranamayah,pūrṇaḥ pūrayitā puṇyaḥ puṇyakīrtiranāmayaḥ,parṇaḥ purayita punyaḥ pugya-kīrtiraṇāmayaḥ,website
347,manojivastirthakaro vasurera vasupradch,manōjavastīrthakarō vasuretā vasupradaḥ,mānojivāstirthakaro vāsurera vāsupradcḥ,website
348,vasuprado vasudevo vasurvasumans havih,vasupradō vāsudevō vasurvasumanā haviḥ,vasuprado vasudevo vasurvasumans haviḥ,website
349,visvamartirmahamartir,viśvamūrtirmahāmūrtirdīptamūrtiramūrtimān,viśvamārtirmahāmartir,website
350,caturmirtth caturbahuy caturvy tha caturgeth,caturmūrtiḥ caturbāhuḥ caturvyūhaḥ caturgatiḥ,caturmirtīḥ caturbahuv caturvy īha caturgetḥ,website
351,catuibhavah caturvedah videlaoat,caturātmā caturbhāvaḥ caturvedaḥ videkapāt,catuibhavaḥ caturvedaḥ videlaoat,website
352,cahasea mardha vifvatma sahaseakpah sahascapat,sahasramūrdhā viśvātmā sahasrākṣaḥ sahasrapāt,cahasea mārdha vijvātma sahaseakpaḥ sahaścapat,website
353,mgadham jagatah seruh saryadharmaporakeamah,auṣadhaṁ jagataḥ setuḥ satyadharmaparākramaḥ,ṁgādhaṁ jagataḥ seruḥ saryādharmaporakeamaḥ,website
354,bhotabhavjabhavannathah pevanah pavano'nalah,bhūtabhavyabhavannāthaḥ pavanaḥ pāvanōnalaḥ,bhotabhāvjabhavannathaḥ pevanaḥ pavano’nalaḥ,website
355,kamahi kamakpthantal kimah kamapeadah prablhuh,kāmahā kāmakṛt kāntaḥ kāmaḥ kāmapradaḥ prabhuḥ,kāmāhi kamakpthantāl kimaḥ kamapeadaḥ prablhuḥ,website
356,idrfyo vyaktartipadca. sahasrajidanantajt,adṛśyō vyaktarūpaśca sahasrajidanantajit,idrīyo vyaktartipadcaṅ sahasrajidanāntajī,website
357,krodhahi. keidhakptharta. viévabahnrmalidharah,krōdhahā krōdhakṛtkartā viśvabāhurmahīdharaḥ,krodhahiṅ keidhakpthartaḥ viśvabahnṛmalīdharaḥ,website
358,acyutah prathitah pragah peanado vasavanujah,acyutaḥ prathitaḥ prāṇaḥ prāṇadō vāsavānujaḥ,acyutaḥ prathītaḥ pragaḥ peanado vasavanujaḥ,website
359,pan nidhiradhischanamapeamattah pratischitah,apāṁnidhiradhiṣṭhānamapramattaḥ pratiṣṭhitaḥ,pān nidhiradhiśchanamapeamattaḥ pratiśchitaḥ,website
360,chandah skandadharo dhuryo varado vayurahanah,skandaḥ skandadharō dhuryō varadō vāyuvāhanaḥ,chandāḥ skandādhāro dhūryo vārado vāyurāhaṇāḥ,website
361,visudero brhadbhinurididevah purandarah,vāsudevō bṛhadbhānurādidevaḥ purandaraḥ,viṣudero bṛhadbhinuriḍidevaḥ purandaraḥ,website
362,darah dauritjanefvarah,aśōkastāraṇastāraḥ śūraḥ śaurirjaneśvaraḥ,daraḥ dauritjanejvaraḥ,website
363,prdmanibho'ravindiksah padmagarbhah,padmanābhōravindākṣaḥ padmagarbhaḥ śarīrabhṛt,pṛdmanibho’ravindikṣaḥ padmagarbhaḥ,website
364,maharddhiripddho veddhitms. makkso grrudadhvajeh,maharddhir ṛddhō vṛddhātmā mahākṣō garuḍadhvajaḥ,mahārddhiripddho veddhitṁsī makkṣo gṛrudadhvajeḥ,website
365,darabho bhtmak samayajfio havicharih,atulaḥ śarabhō bhīmaḥ samayajñō havirhariḥ,dārabho bhīmāk samayajjio havichariḥ,website
366,carvalikpapalaksanyo laksmivan samitiffiyah,sarvalakṣaṇalakṣaṇyō lakṣmīvān samitiñjayaḥ,carvālikpapalakṣaṇyo lakṣmivan samitijjiyaḥ,website
367,vikiro rolito margo herurdimodarah sihah,vikṣarō rōhitō mārgō heturdamodarassahaḥ,vikīro rolito margo herurdimodaraḥ sihaḥ,website
368,malitdharo mahabhago vegavanamitafenah,mahīdharō mahābhāgō vegavānamitāśanaḥ,malitdhāro mahābhāgo vegavānamitajenaḥ,website
369,adbhavah ksobhano devah éigarbhah paramefvarah,"udbhavaḥ, kṣōbhaṇō devaḥ śrīgarbhaḥ parameśvaraḥ",adbhavaḥ kṣobhano devaḥ śigarbhaḥ paramejvaraḥ,website
370,karagam karagam karta vikarta grhano guhah,karaṇaṁ kāraṇaṁ kartā vikartā gahanō guhaḥ,kārāgāṁ karagaṁ karta vikārta gṛhaṇo guhāḥ,website
371,vjavasiyo vyavasthinah samsthanah sthanado dhruvah,vyavasāyō vyavasthānaḥ saṁsthānaḥ sthānadō dhruvaḥ,vjavāsiyo vyavasthinaḥ saṁsthānaḥ sthanado dhruvaḥ,website
372,paramaspastastuscah pustah fubheksinah,pararddhiḥ paramaspaṣṭastuṣṭaḥ puṣṭaḥ śubhekṣaṇaḥ,paramaspaṣṭastuścaḥ puṣṭaḥ jubhekṣiṇaḥ,website
373,amo virajo margo neyo,rāmō virāmō virajō mārgō neyō nayōnayaḥ,amo virajo margo neyo,website
374,vailunthah purusah prinah pranadah peanavah prthuh,vaikuṇṭhaḥ puruṣaḥ prāṇaḥ prāṇadaḥ praṇavaḥ pṛthuḥ,vailunthaḥ puruṣaḥ prīṇaḥ praṇadaḥ peanavaḥ pṛthuḥ,website
375,hiranysgirbhah vyspto vayuradholsajah,hiraṇyagarbhaḥ śatrughnō vyāptō vāyuradhōkṣajaḥ,hirāṇysgirbhaḥ vyspto vāyurādholṣajaḥ,website
376,tuh sudarfainah kilah paramestht parigrahah,ṛtuḥ sudarśanaḥ kālaḥ parameṣṭhī parigrahaḥ,tuḥ sudarjainaḥ kilaḥ parameṣṭhī parigrahaḥ,website
377,ugrah samvatsiro dao viimo viévadaksinah,ugraḥ saṁvatsarō dakṣō viśrāmō viśvadakṣiṇaḥ,ugraḥ saṁvatśiro dao viimo viśvadakṣiṇaḥ,website
378,anirvianah sthavistho bhordharmayapo mahimakhah,anirviṇṇaḥ sthaviṣṭhōbhūrdharmayūpō mahāmakhaḥ,anirviāṇaḥ sthaviṣṭho bhordharmāyāpo mahīmakhaḥ,website
379,nalksarranemirnaksatet kyamah ksimah samthanah,"nakṣatranemirnakṣatrī kṣamaḥ, kṣāmaḥ samīhanaḥ",nalkṣarraṇemirṇakṣatet kyamāḥ kṣimaḥ samīhanaḥ,website
380,yrjlla ijyo makefysica keatub satram setim gatlh,yajña ijyō mahejyaśca kratuḥ satraṁ satāṁ gatiḥ,yṛjīla ijyo makeīysīca keatub satraṁ setiṁ gatlḥ,website
381,carvadact vimuktatmi servaifo,sarvadarśī vimuktātmā sarvajñō jñānamuttamam,carvadacī vimuktātmi servaijo,website
382,cureatah sumukhah soksmah subkadah subst,suvrataḥ sumukhaḥ sūkṣmaḥ sughōṣaḥ sukhadaḥ suhṛt,cūreataḥ sumukhāḥ śokṣmaḥ śubkadaḥ śubst,website
383,man charo jitakrodho virabshurvidiragah,manōharō jitakrōdhō vīrabāhurvidāraṇaḥ,mañ charo jītakrodho virabshurvidīragaḥ,website
384,svapanah svavaéo vyapi naikatma naikakarmakrt,svāpanassvavaśō vyāpī naikātmā naikakarmakṛt,svāpanaḥ svavaśo vyapi naikātma naikakarmakṛt,website
385,vatsaro vatsalo vatsi ratnagarbho dhanesvarah,vatsarō vatsalō vatsī ratnagarbhō dhaneśvaraḥ,vatsaro vatsalo vatsi ratnagarbho dhaneśvaraḥ,website
386,eabhastinemih. settvasthah. simho bhotamshefvarsh,gabhastinemiḥ sattvasthaḥ siṁhō bhūtamaheśvaraḥ,eabhāṣṭinemihī settvasṭhahī siṁho bhotaṁshejvarṣḥ,website
387,sdidevo mahadevo develo devabhrdguruh.,ādidevō mahādevō deveśō devabhṛdguruḥ,sdidevo mahādevo develo devabhṛdguruhī,website
388,urtaro gopatirgopta jfianagamysh purstanch,uttarō gōpatirgōptā jñānagamyaḥ purātanaḥ,ūrtaro gopatirgopta jjiānagāmysḥ purṣṭancḥ,website
389,éartrabhatabhrdbhckea kapindro bharidaksingh,śarīrabhūtabhṛdbhōktā kapīndrō bhūridakṣiṇaḥ,śartrabhatabhṛdbhckea kapindro bharidakṣiṅgḥ,website
390,comapo'mtapsh. somah. purujitpurusartamsh,sōmapōmṛtapaḥ sōmaḥ purujit purusattamaḥ,comapo’mtāpshī somahī purujitpuruśartaṁsḥ,website
391,vinayo jaysh sstyasandho dafirhah sitvatam patih,vinayō jayaḥ satyasandhō dāśārhassātvatāṁ patiḥ,vinayo jaysḥ sṣṭyāsandho daiirhaḥ sitvataṁ patiḥ,website
392,jo msharhah svabhavyo jiramitrch pramodanch,ajō mahārhaḥ svābhāvyō jitāmitraḥ pramōdanaḥ,jo mshārhaḥ svabhāvyo jiramitṛcḥ pramodancḥ,website
393,inando nandano nandah. setyadharma trivikramah,ānandō nandanō nandaḥ satyadharmā trivikramaḥ,jñando nandano nandahī setyadharma trivikramaḥ,website
394,ripadastridadadhyakso. kreantalert,tripadastridaśādhyakṣō mahāśṛṅgaḥ kṛtāntakṛt,ripadāstridadādhyakṣoṁ kṛeantalert,website
395,mahavargho govindsh. susensh kanakanged,mahāvarāhō gōvindaḥ suṣeṇaḥ kanakāṅgadī,mahāvargho govindṣhī suṣenṣḥ kanākaṅged,website
396,hyo gabhiro gshano. guptadalragadadharch,guhyō gabhīrō gahanō guptaścakragadādharaḥ,hyo gābhiro gṣhanoñ guptadālragadadharcḥ,website
397,vedhsh. svango'jitah krsno drdhah. sanikersanccyutch,vedhāḥ svāṅgo’jitaḥ kṛṣṇo dṛḍhaḥ saṅkarṣaṇo’cyutaḥ,vedḥṣhī svāṅgo’jitaḥ kṛṣṇo dṛḍhahī sanikerṣañccyutcḥ,website
398,vartno varuno puskarkso mahamansh,varuṇo vāruṇo vṛukṣaḥ puṣkarākṣo mahāmanāḥ,vartno varuṇo puṣkarkṣo mahāmansḥ,website
399,bhagavin bhagshanand vanamalt halayudhah,bhagavān bhagahānandī vanamālī halāyudhaḥ,bhagavīn bhagshanand vanamalī halāyudhaḥ,website
400,dityo jyoiradityah eshisnurgetisattamsh,ādityō jyōtirādityaḥ sahiṣṇurgatisattamaḥ,dityo jyoirādityah eṣhiṣṇurgetiṣāttaṁsḥ,website
401,cudhanya khandaparafirdsruno dravinapradeh,sudhanvā khaṇḍaparaśurdāruṇō draviṇapradaḥ,cūdhanya khaṇḍaparajirdśruṇo draviṇāpradeḥ,website
402,sarvadrgyyaso vacaspatirayonih,divaspṛk sarvadṛgvyāsō vācaspatirayōnijaḥ,sarvādṛgyyāśo vācaspatirayoniḥ,website
