ids,sentences
12.1.1-2.1,śrī-śuka uvāca
12.1.3.1,nandivardhanas tat-putraḥ
12.1.3.2,pañca pradyotanā ime
12.1.3.3,aṣṭa-triṁśottara-śataṁ
12.1.3.4,bhokṣyanti pṛthivīṁ nṛpāḥ
12.1.4.1,śiśunāgas tato bhāvyaḥ
12.1.4.2,kākavarṇas tu tat-sutaḥ
12.1.4.3,kṣemadharmā tasya sutaḥ
12.1.4.4,kṣetrajñaḥ kṣemadharma-jaḥ
12.1.5.1,vidhisāraḥ sutas tasyā-
12.1.5.2,jātaśatrur bhaviṣyati
12.1.5.3,darbhakas tat-suto bhāvī
12.1.5.4,darbhakasyājayaḥ smṛtaḥ
12.1.6-8.1,nandivardhana ājeyo
12.1.6-8.2,mahānandiḥ sutas tataḥ
12.1.6-8.3,śiśunāgā daśaivaite
12.1.6-8.4,saṣṭy-uttara-śata-trayam
12.1.9.1,sa eka-cchatrāṁ pṛthivīm
12.1.9.2,anullaṅghita-śāsanaḥ
12.1.9.3,śāsiṣyati mahāpadmo
12.1.9.4,dvitīya iva bhārgavaḥ
12.1.10.1,tasya cāṣṭau bhaviṣyanti
12.1.10.2,sumālya-pramukhāḥ sutāḥ
12.1.10.3,ya imāṁ bhokṣyanti mahīṁ
12.1.10.4,rājānaś ca śataṁ samāḥ
12.1.11.1,nava nandān dvijaḥ kaścit
12.1.11.2,prapannān uddhariṣyati
12.1.11.3,teṣām abhāve jagatīṁ
12.1.11.4,mauryā bhokṣyanti vai kalau
12.1.12.1,sa eva candraguptaṁ vai
12.1.12.2,dvijo rājye ’bhiṣekṣyati
12.1.12.3,tat-suto vārisāras tu
12.1.12.4,tataś cāśokavardhanaḥ
12.1.13.1,suyaśā bhavitā tasya
12.1.13.2,saṅgataḥ suyaśaḥ-sutaḥ
12.1.13.3,śāliśūkas tatas tasya
12.1.13.4,somaśarmā bhaviṣyati
12.1.13.5,śatadhanvā tatas tasya
12.1.13.6,bhavitā tad-bṛhadrathaḥ
12.1.14.1,mauryā hy ete daśa nṛpāḥ
12.1.14.2,sapta-triṁśac-chatottaram
12.1.14.3,samā bhokṣyanti pṛthivīṁ
12.1.14.4,kalau kuru-kulodvaha
12.1.15-17.1,agnimitras tatas tasmāt
12.1.15-17.2,sujyeṣṭho bhavitā tataḥ
12.1.15-17.3,vasumitro bhadrakaś ca
12.1.15-17.4,pulindo bhavitā sutaḥ
12.1.18.1,śuṅgaṁ hatvā devabhūtiṁ
12.1.18.2,kāṇvo ’mātyas tu kāminam
12.1.18.3,svayaṁ kariṣyate rājyaṁ
12.1.18.4,vasudevo mahā-matiḥ
12.1.19.1,tasya putras tu bhūmitras
12.1.19.2,tasya nārāyaṇaḥ sutaḥ
12.1.19.3,kāṇvāyanā ime bhūmiṁ
12.1.19.4,catvāriṁśac ca pañca ca
12.1.19.5,śatāni trīṇi bhokṣyanti
12.1.19.6,varṣāṇāṁ ca kalau yuge
12.1.20.1,hatvā kāṇvaṁ suśarmāṇaṁ
12.1.20.2,tad-bhṛtyo vṛṣalo balī
12.1.20.3,gāṁ bhokṣyaty andhra-jātīyaḥ
12.1.20.4,kañcit kālam asattamaḥ
12.1.21-26.1,kṛṣṇa-nāmātha tad-bhrātā
12.1.21-26.2,bhavitā pṛthivī-patiḥ
12.1.21-26.3,śrī-śāntakarṇas tat-putraḥ
12.1.21-26.4,paurṇamāsas tu tat-sutaḥ
12.1.27.1,saptābhīrā āvabhṛtyā
12.1.27.2,daśa gardabhino nṛpāḥ
12.1.27.3,kaṅkāḥ ṣoḍaśa bhū-pālā
12.1.27.4,bhaviṣyanty ati-lolupāḥ
12.1.28.1,tato ’ṣṭau yavanā bhāvyāś
12.1.28.2,caturdaśa turuṣkakāḥ
12.1.28.3,bhūyo daśa guruṇḍāś ca
12.1.28.4,maulā ekādaśaiva tu
12.1.29-31.1,ete bhokṣyanti pṛthivīṁ
12.1.29-31.2,daśa varṣa-śatāni ca
12.1.29-31.3,navādhikāṁ ca navatiṁ
12.1.29-31.4,maulā ekādaśa kṣitim
12.1.32-33.1,teṣāṁ trayodaśa sutā
12.1.32-33.2,bhavitāraś ca bāhlikāḥ
12.1.32-33.3,puṣpamitro ’tha rājanyo
12.1.32-33.4,durmitro ’sya tathaiva ca
12.1.34.1,māgadhānāṁ tu bhavitā
12.1.34.2,viśvasphūrjiḥ purañjayaḥ
12.1.34.3,kariṣyaty aparo varṇān
12.1.34.4,pulinda-yadu-madrakān
12.1.35.1,prajāś cābrahma-bhūyiṣṭhāḥ
12.1.35.2,sthāpayiṣyati durmatiḥ
12.1.35.3,vīryavān kṣatram utsādya
12.1.35.4,padmavatyāṁ sa vai puri
12.1.35.5,anu-gaṅgam ā-prayāgaṁ
12.1.35.6,guptāṁ bhokṣyati medinīm
12.1.36.1,saurāṣṭrāvanty-ābhīrāś ca
12.1.36.2,śūrā arbuda-mālavāḥ
12.1.36.3,vrātyā dvijā bhaviṣyanti
12.1.36.4,śūdra-prāyā janādhipāḥ
12.1.37.1,sindhos taṭaṁ candrabhāgāṁ
12.1.37.2,kauntīṁ kāśmīra-maṇḍalam
12.1.37.3,bhokṣyanti śūdrā vrātyādyā
12.1.37.4,mlecchāś cābrahma-varcasaḥ
12.1.38.1,tulya-kālā ime rājan
12.1.38.2,mleccha-prāyāś ca bhū-bhṛtaḥ
12.1.38.3,ete ’dharmānṛta-parāḥ
12.1.38.4,phalgu-dās tīvra-manyavaḥ
12.1.39-40.1,strī-bāla-go-dvija-ghnāś ca
12.1.39-40.2,para-dāra-dhanādṛtāḥ
12.1.39-40.3,uditāsta-mita-prāyā
12.1.39-40.4,alpa-sattvālpakāyuṣaḥ
12.1.41.1,tan-nāthās te janapadās
12.1.41.2,tac-chīlācāra-vādinaḥ
12.1.41.3,anyonyato rājabhiś ca
12.1.41.4,kṣayaṁ yāsyanti pīḍitāḥ
12.2.1.1,śrī-śuka uvāca
12.2.2.1,vittam eva kalau nṝṇāṁ
12.2.2.2,janmācāra-guṇodayaḥ
12.2.2.3,dharma-nyāya-vyavasthāyāṁ
12.2.2.4,kāraṇaṁ balam eva hi
12.2.3.1,dāmpatye ’bhirucir hetur
12.2.3.2,māyaiva vyāvahārike
12.2.3.3,strītve puṁstve ca hi ratir
12.2.3.4,vipratve sūtram eva hi
12.2.4.1,liṅgam evāśrama-khyātāv
12.2.4.2,anyonyāpatti-kāraṇam
12.2.4.3,avṛttyā nyāya-daurbalyaṁ
12.2.4.4,pāṇḍitye cāpalaṁ vacaḥ
12.2.5.1,anāḍhyataivāsādhutve
12.2.5.2,sādhutve dambha eva tu
12.2.5.3,svīkāra eva codvāhe
12.2.5.4,snānam eva prasādhanam
12.2.6.1,dūre vāry-ayanaṁ tīrthaṁ
12.2.6.2,lāvaṇyaṁ keśa-dhāraṇam
12.2.6.3,udaraṁ-bharatā svārthaḥ
12.2.6.4,satyatve dhārṣṭyam eva hi
12.2.6.5,dākṣyaṁ kuṭumba-bharaṇaṁ
12.2.6.6,yaśo ’rthe dharma-sevanam
12.2.7.1,evaṁ prajābhir duṣṭābhir
12.2.7.2,ākīrṇe kṣiti-maṇḍale
12.2.7.3,brahma-viṭ-kṣatra-śūdrāṇāṁ
12.2.7.4,yo balī bhavitā nṛpaḥ
12.2.8.1,prajā hi lubdhai rājanyair
12.2.8.2,nirghṛṇair dasyu-dharmabhiḥ
12.2.8.3,ācchinna-dāra-draviṇā
12.2.8.4,yāsyanti giri-kānanam
12.2.9.1,śāka-mūlāmiṣa-kṣaudra-
12.2.9.2,phala-puṣpāṣṭi-bhojanāḥ
12.2.9.3,anāvṛṣṭyā vinaṅkṣyanti
12.2.9.4,durbhikṣa-kara-pīḍitāḥ
12.2.10.1,śīta-vātātapa-prāvṛḍ-
12.2.10.2,himair anyonyataḥ prajāḥ
12.2.10.3,kṣut-tṛḍbhyāṁ vyādhibhiś caiva
12.2.10.4,santapsyante ca cintayā
12.2.11.1,triṁśad viṁśati varṣāṇi
12.2.11.2,paramāyuḥ kalau nṛṇām
12.2.12-16.1,kṣīyamāṇeṣu deheṣu
12.2.12-16.2,dehināṁ kali-doṣataḥ
12.2.12-16.3,varṇāśramavatāṁ dharme
12.2.12-16.4,naṣṭe veda-pathe nṛṇām
12.2.17.1,carācara-guror viṣṇor
12.2.17.2,īśvarasyākhilātmanaḥ
12.2.17.3,dharma-trāṇāya sādhūnāṁ
12.2.17.4,janma karmāpanuttaye
12.2.18.1,śambhala-grāma-mukhyasya
12.2.18.2,brāhmaṇasya mahātmanaḥ
12.2.18.3,bhavane viṣṇuyaśasaḥ
12.2.18.4,kalkiḥ prādurbhaviṣyati
12.2.19-20.1,aśvam āśu-gam āruhya
12.2.19-20.2,devadattaṁ jagat-patiḥ
12.2.19-20.3,asināsādhu-damanam
12.2.19-20.4,aṣṭaiśvarya-guṇānvitaḥ
12.2.21.1,atha teṣāṁ bhaviṣyanti
12.2.21.2,manāṁsi viśadāni vai
12.2.21.3,vāsudevāṅga-rāgāti-
12.2.21.4,puṇya-gandhānila-spṛśām
12.2.21.5,paura-jānapadānāṁ vai
12.2.21.6,hateṣv akhila-dasyuṣu
12.2.22.1,teṣāṁ prajā-visargaś ca
12.2.22.2,sthaviṣṭhaḥ sambhaviṣyati
12.2.22.3,vāsudeve bhagavati
12.2.22.4,sattva-mūrtau hṛdi sthite
12.2.23.1,yadāvatīrṇo bhagavān
12.2.23.2,kalkir dharma-patir hariḥ
12.2.23.3,kṛtaṁ bhaviṣyati tadā
12.2.23.4,prajā-sūtiś ca sāttvikī
12.2.24.1,yadā candraś ca sūryaś ca
12.2.24.2,tathā tiṣya-bṛhaspatī
12.2.24.3,eka-rāśau sameṣyanti
12.2.24.4,bhaviṣyati tadā kṛtam
12.2.25.1,ye ’tītā vartamānā ye
12.2.25.2,bhaviṣyanti ca pārthivāḥ
12.2.25.3,te ta uddeśataḥ proktā
12.2.25.4,vaṁśīyāḥ soma-sūryayoḥ
12.2.26.1,ārabhya bhavato janma
12.2.26.2,yāvan nandābhiṣecanam
12.2.26.3,etad varṣa-sahasraṁ tu
12.2.26.4,śataṁ pañcadaśottaram
12.2.27-28.1,saptarṣīṇāṁ tu yau pūrvau
12.2.27-28.2,dṛśyete uditau divi
12.2.27-28.3,tayos tu madhye nakṣatraṁ
12.2.27-28.4,dṛśyate yat samaṁ niśi
12.2.29.1,viṣṇor bhagavato bhānuḥ
12.2.29.2,kṛṣṇākhyo ’sau divaṁ gataḥ
12.2.29.3,tadāviśat kalir lokaṁ
12.2.29.4,pāpe yad ramate janaḥ
12.2.30.1,yāvat sa pāda-padmābhyāṁ
12.2.30.2,spṛśan āste ramā-patiḥ
12.2.30.3,tāvat kalir vai pṛthivīṁ
12.2.30.4,parākrantuṁ na cāśakat
12.2.31.1,yadā devarṣayaḥ sapta
12.2.31.2,maghāsu vicaranti hi
12.2.31.3,tadā pravṛttas tu kalir
12.2.31.4,dvādaśābda-śatātmakaḥ
12.2.32.1,yadā maghābhyo yāsyanti
12.2.32.2,pūrvāṣāḍhāṁ maharṣayaḥ
12.2.32.3,tadā nandāt prabhṛty eṣa
12.2.32.4,kalir vṛddhiṁ gamiṣyati
12.2.33.1,yasmin kṛṣṇo divaṁ yātas
12.2.33.2,tasminn eva tadāhani
12.2.33.3,pratipannaṁ kali-yugam
12.2.33.4,iti prāhuḥ purā-vidaḥ
12.2.34.1,divyābdānāṁ sahasrānte
12.2.34.2,caturthe tu punaḥ kṛtam
12.2.34.3,bhaviṣyati tadā nṝṇāṁ
12.2.34.4,mana ātma-prakāśakam
12.2.35.1,ity eṣa mānavo vaṁśo
12.2.35.2,yathā saṅkhyāyate bhuvi
12.2.35.3,tathā viṭ-śūdra-viprāṇāṁ
12.2.35.4,tās tā jñeyā yuge yuge
12.2.36.1,eteṣāṁ nāma-liṅgānāṁ
12.2.36.2,puruṣāṇāṁ mahātmanām
12.2.36.3,kathā-mātrāvaśiṣṭānāṁ
12.2.36.4,kīrtir eva sthitā bhuvi
12.2.37.1,devāpiḥ śāntanor bhrātā
12.2.37.2,maruś cekṣvāku-vaṁśa-jaḥ
12.2.37.3,kalāpa-grāma āsāte
12.2.37.4,mahā-yoga-balānvitau
12.2.38.1,tāv ihaitya kaler ante
12.2.38.2,vāsudevānuśikṣitau
12.2.38.3,varṇāśrama-yutaṁ dharmaṁ
12.2.38.4,pūrva-vat prathayiṣyataḥ
12.2.39.1,kṛtaṁ tretā dvāparaṁ ca
12.2.39.2,kaliś ceti catur-yugam
12.2.39.3,anena krama-yogena
12.2.39.4,bhuvi prāṇiṣu vartate
12.2.40.1,rājann ete mayā proktā
12.2.40.2,nara-devās tathāpare
12.2.40.3,bhūmau mamatvaṁ kṛtvānte
12.2.40.4,hitvemāṁ nidhanaṁ gatāḥ
12.2.41.1,kṛmi-viḍ-bhasma-saṁjñānte
12.2.41.2,rāja-nāmno ’pi yasya ca
12.2.41.3,bhūta-dhruk tat-kṛte svārthaṁ
12.2.41.4,kiṁ veda nirayo yataḥ
12.2.42.1,kathaṁ seyam akhaṇḍā bhūḥ
12.2.42.2,pūrvair me puruṣair dhṛtā
12.2.42.3,mat-putrasya ca pautrasya
12.2.42.4,mat-pūrvā vaṁśa-jasya vā
12.2.43.1,tejo-’b-anna-mayaṁ kāyaṁ
12.2.43.2,gṛhītvātmatayābudhāḥ
12.2.43.3,mahīṁ mamatayā cobhau
12.2.43.4,hitvānte ’darśanaṁ gatāḥ
12.2.44.1,ye ye bhū-patayo rājan
12.2.44.2,bhuñjate bhuvam ojasā
12.2.44.3,kālena te kṛtāḥ sarve
12.2.44.4,kathā-mātrāḥ kathāsu ca
12.3.1.1,śrī-śuka uvāca
12.3.2.1,kāma eṣa narendrāṇāṁ
12.3.2.2,moghaḥ syād viduṣām api
12.3.2.3,yena phenopame piṇḍe
12.3.2.4,ye ’ti-viśrambhitā nṛpāḥ
12.3.3-4.1,pūrvaṁ nirjitya ṣaḍ-vargaṁ
12.3.3-4.2,jeṣyāmo rāja-mantriṇaḥ
12.3.3-4.3,tataḥ saciva-paurāpta-
12.3.3-4.4,karīndrān asya kaṇṭakān
12.3.5.1,samudrāvaraṇāṁ jitvā
12.3.5.2,māṁ viśanty abdhim ojasā
12.3.5.3,kiyad ātma-jayasyaitan
12.3.5.4,muktir ātma-jaye phalam
12.3.6.1,yāṁ visṛjyaiva manavas
12.3.6.2,tat-sutāś ca kurūdvaha
12.3.6.3,gatā yathāgataṁ yuddhe
12.3.6.4,tāṁ māṁ jeṣyanty abuddhayaḥ
12.3.7.1,mat-kṛte pitṛ-putrāṇāṁ
12.3.7.2,bhrātṝṇāṁ cāpi vigrahaḥ
12.3.7.3,jāyate hy asatāṁ rājye
12.3.7.4,mamatā-baddha-cetasām
12.3.8.1,mamaiveyaṁ mahī kṛtsnā
12.3.8.2,na te mūḍheti vādinaḥ
12.3.8.3,spardhamānā mitho ghnanti
12.3.8.4,mriyante mat-kṛte nṛpāḥ
12.3.9-13.1,pṛthuḥ purūravā gādhir
12.3.9-13.2,nahuṣo bharato ’rjunaḥ
12.3.9-13.3,māndhātā sagaro rāmaḥ
12.3.9-13.4,khaṭvāṅgo dhundhuhā raghuḥ
12.3.14.1,kathā imās te kathitā mahīyasāṁ
12.3.14.2,vitāya lokeṣu yaśaḥ pareyuṣām
12.3.14.3,vijñāna-vairāgya-vivakṣayā vibho
12.3.14.4,vaco-vibhūtīr na tu pāramārthyam
12.3.15.1,yas tūttamaḥ-śloka-guṇānuvādaḥ
12.3.15.2,saṅgīyate ’bhīkṣṇam amaṅgala-ghnaḥ
12.3.15.3,tam eva nityaṁ śṛṇuyād abhīkṣṇaṁ
12.3.15.4,kṛṣṇe ’malāṁ bhaktim abhīpsamānaḥ
12.3.16.1,śrī-rājovāca
12.3.17.1,yugāni yuga-dharmāṁś ca
12.3.17.2,mānaṁ pralaya-kalpayoḥ
12.3.17.3,kālasyeśvara-rūpasya
12.3.17.4,gatiṁ viṣṇor mahātmanaḥ
12.3.18.1,śrī-śuka uvāca
12.3.19.1,santuṣṭāḥ karuṇā maitrāḥ
12.3.19.2,śāntā dāntās titikṣavaḥ
12.3.19.3,ātmārāmāḥ sama-dṛśaḥ
12.3.19.4,prāyaśaḥ śramaṇā janāḥ
12.3.20.1,tretāyāṁ dharma-pādānāṁ
12.3.20.2,turyāṁśo hīyate śanaiḥ
12.3.20.3,adharma-pādair anṛta-
12.3.20.4,hiṁṣāsantoṣa-vigrahaiḥ
12.3.21.1,tadā kriyā-tapo-niṣṭhā
12.3.21.2,nāti-hiṁsrā na lampaṭāḥ
12.3.21.3,trai-vargikās trayī-vṛddhā
12.3.21.4,varṇā brahmottarā nṛpa
12.3.22.1,tapaḥ-satya-dayā-dāneṣv
12.3.22.2,ardhaṁ hrasvati dvāpare
12.3.22.3,hiṁsātuṣṭy-anṛta-dveṣair
12.3.22.4,dharmasyādharma-lakṣaṇaiḥ
12.3.23.1,yaśasvino mahā-śīlāḥ
12.3.23.2,svādhyāyādhyayane ratāḥ
12.3.23.3,āḍhyāḥ kuṭumbino hṛṣṭā
12.3.23.4,varṇāḥ kṣatra-dvijottarāḥ
12.3.24.1,kalau tu dharma-pādānāṁ
12.3.24.2,turyāṁśo ’dharma-hetubhiḥ
12.3.24.3,edhamānaiḥ kṣīyamāṇo
12.3.24.4,hy ante so ’pi vinaṅkṣyati
12.3.25.1,tasmin lubdhā durācārā
12.3.25.2,nirdayāḥ śuṣka-vairiṇaḥ
12.3.25.3,durbhagā bhūri-tarṣāś ca
12.3.25.4,śūdra-dāsottarāḥ prajāḥ
12.3.26.1,sattvaṁ rajas tama iti
12.3.26.2,dṛśyante puruṣe guṇāḥ
12.3.26.3,kāla-sañcoditās te vai
12.3.26.4,parivartanta ātmani
12.3.27.1,prabhavanti yadā sattve
12.3.27.2,mano-buddhīndriyāṇi ca
12.3.27.3,tadā kṛta-yugaṁ vidyāj
12.3.27.4,jñāne tapasi yad ruciḥ
12.3.28.1,yadā karmasu kāmyeṣu
12.3.28.2,bhaktir yaśasi dehinām
12.3.28.3,tadā tretā rajo-vṛttir
12.3.28.4,iti jānīhi buddhiman
12.3.29.1,yadā lobhas tv asantoṣo
12.3.29.2,māno dambho ’tha matsaraḥ
12.3.29.3,karmaṇāṁ cāpi kāmyānāṁ
12.3.29.4,dvāparaṁ tad rajas-tamaḥ
12.3.30.1,yadā māyānṛtaṁ tandrā
12.3.30.2,nidrā hiṁsā viṣādanam
12.3.30.3,śoka-mohau bhayaṁ dainyaṁ
12.3.30.4,sa kalis tāmasaḥ smṛtaḥ
12.3.31.1,tasmāt kṣudra-dṛśo martyāḥ
12.3.31.2,kṣudra-bhāgyā mahāśanāḥ
12.3.31.3,kāmino vitta-hīnāś ca
12.3.31.4,svairiṇyaś ca striyo ’satīḥ
12.3.32.1,dasyūtkṛṣṭā janapadā
12.3.32.2,vedāḥ pāṣaṇḍa-dūṣitāḥ
12.3.32.3,rājānaś ca prajā-bhakṣāḥ
12.3.32.4,śiśnodara-parā dvijāḥ
12.3.33.1,avratā baṭavo ’śaucā
12.3.33.2,bhikṣavaś ca kuṭumbinaḥ
12.3.33.3,tapasvino grāma-vāsā
12.3.33.4,nyāsino ’tyartha-lolupāḥ
12.3.34.1,hrasva-kāyā mahāhārā
12.3.34.2,bhūry-apatyā gata-hriyaḥ
12.3.34.3,śaśvat kaṭuka-bhāṣiṇyaś
12.3.34.4,caurya-māyoru-sāhasāḥ
12.3.35.1,paṇayiṣyanti vai kṣudrāḥ
12.3.35.2,kirāṭāḥ kūṭa-kāriṇaḥ
12.3.35.3,anāpady api maṁsyante
12.3.35.4,vārtāṁ sādhu jugupsitām
12.3.36.1,patiṁ tyakṣyanti nirdravyaṁ
12.3.36.2,bhṛtyā apy akhilottamam
12.3.36.3,bhṛtyaṁ vipannaṁ patayaḥ
12.3.36.4,kaulaṁ gāś cāpayasvinīḥ
12.3.37.1,pitṛ-bhrātṛ-suhṛj-jñātīn
12.3.37.2,hitvā saurata-sauhṛdāḥ
12.3.37.3,nanāndṛ-śyāla-saṁvādā
12.3.37.4,dīnāḥ straiṇāḥ kalau narāḥ
12.3.38.1,śūdrāḥ pratigrahīṣyanti
12.3.38.2,tapo-veṣopajīvinaḥ
12.3.38.3,dharmaṁ vakṣyanty adharma-jñā
12.3.38.4,adhiruhyottamāsanam
12.3.39-40.1,nityam udvigna-manaso
12.3.39-40.2,durbhikṣa-kara-karśitāḥ
12.3.39-40.3,niranne bhū-tale rājan
12.3.39-40.4,anāvṛṣṭi-bhayāturāḥ
12.3.41.1,kalau kākiṇike ’py arthe
12.3.41.2,vigṛhya tyakta-sauhṛdāḥ
12.3.41.3,tyakṣyanti ca priyān prāṇān
12.3.41.4,haniṣyanti svakān api
12.3.42.1,na rakṣiṣyanti manujāḥ
12.3.42.2,sthavirau pitarāv api
12.3.42.3,putrān bhāryāṁ ca kula-jāṁ
12.3.42.4,kṣudrāḥ śiśnodaraṁ-bharāḥ
12.3.43.1,kalau na rājan jagatāṁ paraṁ guruṁ
12.3.43.2,tri-loka-nāthānata-pāda-paṅkajam
12.3.43.3,prāyeṇa martyā bhagavantam acyutaṁ
12.3.43.4,yakṣyanti pāṣaṇḍa-vibhinna-cetasaḥ
12.3.44.1,yan-nāmadheyaṁ mriyamāṇa āturaḥ
12.3.44.2,patan skhalan vā vivaśo gṛṇan pumān
12.3.44.3,vimukta-karmārgala uttamāṁ gatiṁ
12.3.44.4,prāpnoti yakṣyanti na taṁ kalau janāḥ
12.3.45.1,puṁsāṁ kali-kṛtān doṣān
12.3.45.2,dravya-deśātma-sambhavān
12.3.45.3,sarvān harati citta-stho
12.3.45.4,bhagavān puruṣottamaḥ
12.3.46.1,śrutaḥ saṅkīrtito dhyātaḥ
12.3.46.2,pūjitaś cādṛto ’pi vā
12.3.46.3,nṛṇāṁ dhunoti bhagavān
12.3.46.4,hṛt-stho janmāyutāśubham
12.3.47.1,yathā hemni sthito vahnir
12.3.47.2,durvarṇaṁ hanti dhātu-jam
12.3.47.3,evam ātma-gato viṣṇur
12.3.47.4,yoginām aśubhāśayam
12.3.48.1,vidyā-tapaḥ-prāṇa-nirodha-maitrī-
12.3.48.2,tīrthābhiṣeka-vrata-dāna-japyaiḥ
12.3.48.3,nātyanta-śuddhiṁ labhate ’ntarātmā
12.3.48.4,yathā hṛdi-sthe bhagavaty anante
12.3.49.1,tasmāt sarvātmanā rājan
12.3.49.2,hṛdi-sthaṁ kuru keśavam
12.3.49.3,mriyamāṇo hy avahitas
12.3.49.4,tato yāsi parāṁ gatim
12.3.50.1,mriyamāṇair abhidhyeyo
12.3.50.2,bhagavān parameśvaraḥ
12.3.50.3,ātma-bhāvaṁ nayaty aṅga
12.3.50.4,sarvātmā sarva-saṁśrayaḥ
12.3.51.1,kaler doṣa-nidhe rājann
12.3.51.2,asti hy eko mahān guṇaḥ
12.3.51.3,kīrtanād eva kṛṣṇasya
12.3.51.4,mukta-saṅgaḥ paraṁ vrajet
12.3.52.1,kṛte yad dhyāyato viṣṇuṁ
12.3.52.2,tretāyāṁ yajato makhaiḥ
12.3.52.3,dvāpare paricaryāyāṁ
12.3.52.4,kalau tad dhari-kīrtanāt
12.4.1.1,śrī-śuka uvāca
12.4.2.1,catur-yuga-sahasraṁ tu
12.4.2.2,brahmaṇo dinam ucyate
12.4.2.3,sa kalpo yatra manavaś
12.4.2.4,caturdaśa viśām-pate
12.4.3.1,tad-ante pralayas tāvān
12.4.3.2,brāhmī rātrir udāhṛtā
12.4.3.3,trayo lokā ime tatra
12.4.3.4,kalpante pralayāya hi
12.4.4.1,eṣa naimittikaḥ proktaḥ
12.4.4.2,pralayo yatra viśva-sṛk
12.4.4.3,śete ’nantāsano viśvam
12.4.4.4,ātmasāt-kṛtya cātma-bhūḥ
12.4.5.1,dvi-parārdhe tv atikrānte
12.4.5.2,brahmaṇaḥ parameṣṭhinaḥ
12.4.5.3,tadā prakṛtayaḥ sapta
12.4.5.4,kalpante pralayāya vai
12.4.6.1,eṣa prākṛtiko rājan
12.4.6.2,pralayo yatra līyate
12.4.6.3,aṇḍa-koṣas tu saṅghāto
12.4.6.4,vighāta upasādite
12.4.7.1,parjanyaḥ śata-varṣāṇi
12.4.7.2,bhūmau rājan na varṣati
12.4.7.3,tadā niranne hy anyonyaṁ
12.4.7.4,bhakṣyamāṇāḥ kṣudhārditāḥ
12.4.7.5,kṣayaṁ yāsyanti śanakaiḥ
12.4.7.6,kālenopadrutāḥ prajāḥ
12.4.8.1,sāmudraṁ daihikaṁ bhaumaṁ
12.4.8.2,rasaṁ sāṁvartako raviḥ
12.4.8.3,raśmibhiḥ pibate ghoraiḥ
12.4.8.4,sarvaṁ naiva vimuñcati
12.4.9.1,tataḥ saṁvartako vahniḥ
12.4.9.2,saṅkarṣaṇa-mukhotthitaḥ
12.4.9.3,dahaty anila-vegotthaḥ
12.4.9.4,śūnyān bhū-vivarān atha
12.4.10.1,upary adhaḥ samantāc ca
12.4.10.2,śikhābhir vahni-sūryayoḥ
12.4.10.3,dahyamānaṁ vibhāty aṇḍaṁ
12.4.10.4,dagdha-gomaya-piṇḍa-vat
12.4.11.1,tataḥ pracaṇḍa-pavano
12.4.11.2,varṣāṇām adhikaṁ śatam
12.4.11.3,paraḥ sāṁvartako vāti
12.4.11.4,dhūmraṁ khaṁ rajasāvṛtam
12.4.12.1,tato megha-kulāny aṅga
12.4.12.2,citra varṇāny anekaśaḥ
12.4.12.3,śataṁ varṣāṇi varṣanti
12.4.12.4,nadanti rabhasa-svanaiḥ
12.4.13.1,tata ekodakaṁ viśvaṁ
12.4.13.2,brahmāṇḍa-vivarāntaram
12.4.14.1,tadā bhūmer gandha-guṇaṁ
12.4.14.2,grasanty āpa uda-plave
12.4.14.3,grasta-gandhā tu pṛthivī
12.4.14.4,pralayatvāya kalpate
12.4.15-19.1,apāṁ rasam atho tejas
12.4.15-19.2,tā līyante ’tha nīrasāḥ
12.4.15-19.3,grasate tejaso rūpaṁ
12.4.15-19.4,vāyus tad-rahitaṁ tadā
12.4.20-21.1,na yatra vāco na mano na sattvaṁ
12.4.20-21.2,tamo rajo vā mahad-ādayo ’mī
12.4.20-21.3,na prāṇa-buddhīndriya-devatā vā
12.4.20-21.4,na sanniveśaḥ khalu loka-kalpaḥ
12.4.22.1,layaḥ prākṛtiko hy eṣa
12.4.22.2,puruṣāvyaktayor yadā
12.4.22.3,śaktayaḥ sampralīyante
12.4.22.4,vivaśāḥ kāla-vidrutāḥ
12.4.23.1,buddhīndriyārtha-rūpeṇa
12.4.23.2,jñānaṁ bhāti tad-āśrayam
12.4.23.3,dṛśyatvāvyatirekābhyām
12.4.23.4,ādy-antavad avastu yat
12.4.24.1,dīpaś cakṣuś ca rūpaṁ ca
12.4.24.2,jyotiṣo na pṛthag bhavet
12.4.24.3,evaṁ dhīḥ khāni mātrāś ca
12.4.24.4,na syur anyatamād ṛtāt
12.4.25.1,buddher jāgaraṇaṁ svapnaḥ
12.4.25.2,suṣuptir iti cocyate
12.4.25.3,māyā-mātram idaṁ rājan
12.4.25.4,nānātvaṁ pratyag-ātmani
12.4.26.1,yathā jala-dharā vyomni
12.4.26.2,bhavanti na bhavanti ca
12.4.26.3,brahmaṇīdaṁ tathā viśvam
12.4.26.4,avayavy udayāpyayāt
12.4.27.1,satyaṁ hy avayavaḥ proktaḥ
12.4.27.2,sarvāvayavinām iha
12.4.27.3,vinārthena pratīyeran
12.4.27.4,paṭasyevāṅga tantavaḥ
12.4.28.1,yat sāmānya-viśeṣābhyām
12.4.28.2,upalabhyeta sa bhramaḥ
12.4.28.3,anyonyāpāśrayāt sarvam
12.4.28.4,ādy-antavad avastu yat
12.4.29.1,vikāraḥ khyāyamāno ’pi
12.4.29.2,pratyag-ātmānam antarā
12.4.29.3,na nirūpyo ’sty aṇur api
12.4.29.4,syāc cec cit-sama ātma-vat
12.4.30.1,na hi satyasya nānātvam
12.4.30.2,avidvān yadi manyate
12.4.30.3,nānātvaṁ chidrayor yadvaj
12.4.30.4,jyotiṣor vātayor iva
12.4.31.1,yathā hiraṇyaṁ bahudhā samīyate
12.4.31.2,nṛbhiḥ kriyābhir vyavahāra-vartmasu
12.4.31.3,evaṁ vacobhir bhagavān adhokṣajo
12.4.31.4,vyākhyāyate laukika-vaidikair janaiḥ
12.4.32.1,yathā ghano ’rka-prabhavo ’rka-darśito
12.4.32.2,hy arkāṁśa-bhūtasya ca cakṣuṣas tamaḥ
12.4.32.3,evaṁ tv ahaṁ brahma-guṇas tad-īkṣito
12.4.32.4,brahmāṁśakasyātmana ātma-bandhanaḥ
12.4.33.1,ghano yadārka-prabhavo vidīryate
12.4.33.2,cakṣuḥ svarūpaṁ ravim īkṣate tadā
12.4.33.3,yadā hy ahaṅkāra upādhir ātmano
12.4.33.4,jijñāsayā naśyati tarhy anusmaret
12.4.34.1,yadaivam etena viveka-hetinā
12.4.34.2,māyā-mayāhaṅkaraṇātma-bandhanam
12.4.34.3,chittvācyutātmānubhavo ’vatiṣṭhate
12.4.34.4,tam āhur ātyantikam aṅga samplavam
12.4.35.1,nityadā sarva-bhūtānāṁ
12.4.35.2,brahmādīnāṁ parantapa
12.4.35.3,utpatti-pralayāv eke
12.4.35.4,sūkṣma-jñāḥ sampracakṣate
12.4.36.1,kāla-sroto-javenāśu
12.4.36.2,hriyamāṇasya nityadā
12.4.36.3,pariṇāminām avasthās tā
12.4.36.4,janma-pralaya-hetavaḥ
12.4.37.1,anādy-antavatānena
12.4.37.2,kāleneśvara-mūrtinā
12.4.37.3,avasthā naiva dṛśyante
12.4.37.4,viyati jyotiṣām iva
12.4.38.1,nityo naimittikaś caiva
12.4.38.2,tathā prākṛtiko layaḥ
12.4.38.3,ātyantikaś ca kathitaḥ
12.4.38.4,kālasya gatir īdṛśī
12.4.39.1,etāḥ kuru-śreṣṭha jagad-vidhātur
12.4.39.2,nārāyaṇasyākhila-sattva-dhāmnaḥ
12.4.39.3,līlā-kathās te kathitāḥ samāsataḥ
12.4.39.4,kārtsnyena nājo ’py abhidhātum īśaḥ
12.4.40.1,saṁsāra-sindhum ati-dustaram uttitīrṣor
12.4.40.2,nānyaḥ plavo bhagavataḥ puruṣottamasya
12.4.40.3,līlā-kathā-rasa-niṣevaṇam antareṇa
12.4.40.4,puṁso bhaved vividha-duḥkha-davārditasya
12.4.41.1,purāṇa-saṁhitām etām
12.4.41.2,ṛṣir nārāyaṇo ’vyayaḥ
12.4.41.3,nāradāya purā prāha
12.4.41.4,kṛṣṇa-dvaipāyanāya saḥ
12.4.42.1,sa vai mahyaṁ mahā-rāja
12.4.42.2,bhagavān bādarāyaṇaḥ
12.4.42.3,imāṁ bhāgavatīṁ prītaḥ
12.4.42.4,saṁhitāṁ veda-sammitām
12.4.43.1,imāṁ vakṣyaty asau sūta
12.4.43.2,ṛṣibhyo naimiṣālaye
12.4.43.3,dīrgha-satre kuru-śreṣṭha
12.4.43.4,sampṛṣṭaḥ śaunakādibhiḥ
12.5.1.1,śrī-śuka uvāca
12.5.2.1,tvaṁ tu rājan mariṣyeti
12.5.2.2,paśu-buddhim imāṁ jahi
12.5.2.3,na jātaḥ prāg abhūto ’dya
12.5.2.4,deha-vat tvaṁ na naṅkṣyasi
12.5.3.1,na bhaviṣyasi bhūtvā tvaṁ
12.5.3.2,putra-pautrādi-rūpavān
12.5.3.3,bījāṅkura-vad dehāder
12.5.3.4,vyatirikto yathānalaḥ
12.5.4.1,svapne yathā śiraś-chedaṁ
12.5.4.2,pañcatvādy ātmanaḥ svayam
12.5.4.3,yasmāt paśyati dehasya
12.5.4.4,tata ātmā hy ajo ’maraḥ
12.5.5.1,ghaṭe bhinne ghaṭākāśa
12.5.5.2,ākāśaḥ syād yathā purā
12.5.5.3,evaṁ dehe mṛte jīvo
12.5.5.4,brahma sampadyate punaḥ
12.5.6.1,manaḥ sṛjati vai dehān
12.5.6.2,guṇān karmāṇi cātmanaḥ
12.5.6.3,tan manaḥ sṛjate māyā
12.5.6.4,tato jīvasya saṁsṛtiḥ
12.5.7.1,snehādhiṣṭhāna-varty-agni-
12.5.7.2,saṁyogo yāvad īyate
12.5.7.3,tāvad dīpasya dīpatvam
12.5.7.4,evaṁ deha-kṛto bhavaḥ
12.5.7.5,rajaḥ-sattva-tamo-vṛttyā
12.5.7.6,jāyate ’tha vinaśyati
12.5.8.1,na tatrātmā svayaṁ-jyotir
12.5.8.2,yo vyaktāvyaktayoḥ paraḥ
12.5.8.3,ākāśa iva cādhāro
12.5.8.4,dhruvo ’nantopamas tataḥ
12.5.9.1,evam ātmānam ātma-stham
12.5.9.2,ātmanaivāmṛśa prabho
12.5.9.3,buddhyānumāna-garbhiṇyā
12.5.9.4,vāsudevānucintayā
12.5.10.1,codito vipra-vākyena
12.5.10.2,na tvāṁ dhakṣyati takṣakaḥ
12.5.10.3,mṛtyavo nopadhakṣyanti
12.5.10.4,mṛtyūnāṁ mṛtyum īśvaram
12.5.11-12.1,ahaṁ brahma paraṁ dhāma
12.5.11-12.2,brahmāhaṁ paramaṁ padam
12.5.11-12.3,evaṁ samīkṣya cātmānam
12.5.11-12.4,ātmany ādhāya niṣkale
12.5.13.1,etat te kathitaṁ tāta
12.5.13.2,yad ātmā pṛṣṭavān nṛpa
12.5.13.3,harer viśvātmanaś ceṣṭāṁ
12.5.13.4,kiṁ bhūyaḥ śrotum icchasi
12.6.1.1,sūta uvāca
12.6.2.1,rājovāca
12.6.3.1,nāty-adbhutam ahaṁ manye
12.6.3.2,mahatām acyutātmanām
12.6.3.3,ajñeṣu tāpa-tapteṣu
12.6.3.4,bhūteṣu yad anugrahaḥ
12.6.4.1,purāṇa-saṁhitām etām
12.6.4.2,aśrauṣma bhavato vayam
12.6.4.3,yasyāṁ khalūttamaḥ-śloko
12.6.4.4,bhagavān anuvarṇyate
12.6.5.1,bhagavaṁs takṣakādibhyo
12.6.5.2,mṛtyubhyo na bibhemy aham
12.6.5.3,praviṣṭo brahma nirvāṇam
12.6.5.4,abhayaṁ darśitaṁ tvayā
12.6.6.1,anujānīhi māṁ brahman
12.6.6.2,vācaṁ yacchāmy adhokṣaje
12.6.6.3,mukta-kāmāśayaṁ cetaḥ
12.6.6.4,praveśya visṛjāmy asūn
12.6.7.1,ajñānaṁ ca nirastaṁ me
12.6.7.2,jñāna-vijñāna-niṣṭhayā
12.6.7.3,bhavatā darśitaṁ kṣemaṁ
12.6.7.4,paraṁ bhagavataḥ padam
12.6.8.1,sūta uvāca
12.6.9-10.1,parīkṣid api rājarṣir
12.6.9-10.2,ātmany ātmānam ātmanā
12.6.9-10.3,samādhāya paraṁ dadhyāv
12.6.9-10.4,aspandāsur yathā taruḥ
12.6.11.1,takṣakaḥ prahito viprāḥ
12.6.11.2,kruddhena dvija-sūnunā
12.6.11.3,hantu-kāmo nṛpaṁ gacchan
12.6.11.4,dadarśa pathi kaśyapam
12.6.12.1,taṁ tarpayitvā draviṇair
12.6.12.2,nivartya viṣa-hāriṇam
12.6.12.3,dvija-rūpa-praticchannaḥ
12.6.12.4,kāma-rūpo ’daśan nṛpam
12.6.13.1,brahma-bhūtasya rājarṣer
12.6.13.2,deho ’hi-garalāgninā
12.6.13.3,babhūva bhasmasāt sadyaḥ
12.6.13.4,paśyatāṁ sarva-dehinām
12.6.14.1,hāhā-kāro mahān āsīd
12.6.14.2,bhuvi khe dikṣu sarvataḥ
12.6.14.3,vismitā hy abhavan sarve
12.6.14.4,devāsura-narādayaḥ
12.6.15.1,deva-dundubhayo nedur
12.6.15.2,gandharvāpsaraso jaguḥ
12.6.15.3,vavṛṣuḥ puṣpa-varṣāṇi
12.6.15.4,vibudhāḥ sādhu-vādinaḥ
12.6.16.1,janmejayaḥ sva-pitaraṁ
12.6.16.2,śrutvā takṣaka-bhakṣitam
12.6.16.3,yathājuhāva saṅkruddho
12.6.16.4,nāgān satre saha dvijaiḥ
12.6.17.1,sarpa-satre samiddhāgnau
12.6.17.2,dahyamānān mahoragān
12.6.17.3,dṛṣṭvendraṁ bhaya-saṁvignas
12.6.17.4,takṣakaḥ śaraṇaṁ yayau
12.6.18.1,apaśyaṁs takṣakaṁ tatra
12.6.18.2,rājā pārīkṣito dvijān
12.6.18.3,uvāca takṣakaḥ kasmān
12.6.18.4,na dahyetoragādhamaḥ
12.6.19.1,taṁ gopāyati rājendra
12.6.19.2,śakraḥ śaraṇam āgatam
12.6.19.3,tena saṁstambhitaḥ sarpas
12.6.19.4,tasmān nāgnau pataty asau
12.6.20.1,pārīkṣita iti śrutvā
12.6.20.2,prāhartvija udāra-dhīḥ
12.6.20.3,sahendras takṣako viprā
12.6.20.4,nāgnau kim iti pātyate
12.6.21.1,tac chrutvājuhuvur viprāḥ
12.6.21.2,sahendraṁ takṣakaṁ makhe
12.6.21.3,takṣakāśu patasveha
12.6.21.4,sahendreṇa marutvatā
12.6.22.1,iti brahmoditākṣepaiḥ
12.6.22.2,sthānād indraḥ pracālitaḥ
12.6.22.3,babhūva sambhrānta-matiḥ
12.6.22.4,sa-vimānaḥ sa-takṣakaḥ
12.6.23.1,taṁ patantaṁ vimānena
12.6.23.2,saha-takṣakam ambarāt
12.6.23.3,vilokyāṅgirasaḥ prāha
12.6.23.4,rājānaṁ taṁ bṛhaspatiḥ
12.6.24.1,naiṣa tvayā manuṣyendra
12.6.24.2,vadham arhati sarpa-rāṭ
12.6.24.3,anena pītam amṛtam
12.6.24.4,atha vā ajarāmaraḥ
12.6.25.1,jīvitaṁ maraṇaṁ jantor
12.6.25.2,gatiḥ svenaiva karmaṇā
12.6.25.3,rājaṁs tato ’nyo nāsty asya
12.6.25.4,pradātā sukha-duḥkhayoḥ
12.6.26.1,sarpa-caurāgni-vidyudbhyaḥ
12.6.26.2,kṣut-tṛd-vyādhy-ādibhir nṛpa
12.6.26.3,pañcatvam ṛcchate jantur
12.6.26.4,bhuṅkta ārabdha-karma tat
12.6.27.1,tasmāt satram idaṁ rājan
12.6.27.2,saṁsthīyetābhicārikam
12.6.27.3,sarpā anāgaso dagdhā
12.6.27.4,janair diṣṭaṁ hi bhujyate
12.6.28.1,sūta uvāca
12.6.29.1,saiṣā viṣṇor mahā-māyā-
12.6.29.2,bādhyayālakṣaṇā yayā
12.6.29.3,muhyanty asyaivātma-bhūtā
12.6.29.4,bhūteṣu guṇa-vṛttibhiḥ
12.6.30-31.1,na yatra dambhīty abhayā virājitā
12.6.30-31.2,māyātma-vāde ’sakṛd ātma-vādibhiḥ
12.6.30-31.3,na yad vivādo vividhas tad-āśrayo
12.6.30-31.4,manaś ca saṅkalpa-vikalpa-vṛtti yat
12.6.32.1,paraṁ padaṁ vaiṣṇavam āmananti tad
12.6.32.2,yan neti netīty atad-utsisṛkṣavaḥ
12.6.32.3,visṛjya daurātmyam ananya-sauhṛdā
12.6.32.4,hṛdopaguhyāvasitaṁ samāhitaiḥ
12.6.33.1,ta etad adhigacchanti
12.6.33.2,viṣṇor yat paramaṁ padam
12.6.33.3,ahaṁ mameti daurjanyaṁ
12.6.33.4,na yeṣāṁ deha-geha-jam
12.6.34.1,ativādāṁs titikṣeta
12.6.34.2,nāvamanyeta kañcana
12.6.34.3,na cemaṁ deham āśritya
12.6.34.4,vairaṁ kurvīta kenacit
12.6.35.1,namo bhagavate tasmai
12.6.35.2,kṛṣṇāyākuṇṭha-medhase
12.6.35.3,yat-pādāmburuha-dhyānāt
12.6.35.4,saṁhitām adhyagām imām
12.6.36.1,śrī-śaunaka uvāca
12.6.37.1,sūta uvāca
12.6.38.1,yad-upāsanayā brahman
12.6.38.2,yogino malam ātmanaḥ
12.6.38.3,dravya-kriyā-kārakākhyaṁ
12.6.38.4,dhūtvā yānty apunar-bhavam
12.6.39.1,tato ’bhūt tri-vṛd oṁkāro
12.6.39.2,yo ’vyakta-prabhavaḥ sva-rāṭ
12.6.39.3,yat tal liṅgaṁ bhagavato
12.6.39.4,brahmaṇaḥ paramātmanaḥ
12.6.40-41.1,śṛṇoti ya imaṁ sphoṭaṁ
12.6.40-41.2,supta-śrotre ca śūnya-dṛk
12.6.40-41.3,yena vāg vyajyate yasya
12.6.40-41.4,vyaktir ākāśa ātmanaḥ
12.6.42.1,tasya hy āsaṁs trayo varṇā
12.6.42.2,a-kārādyā bhṛgūdvaha
12.6.42.3,dhāryante yais trayo bhāvā
12.6.42.4,guṇa-nāmārtha-vṛttayaḥ
12.6.43.1,tato ’kṣara-samāmnāyam
12.6.43.2,asṛjad bhagavān ajaḥ
12.6.43.3,antasthoṣma-svara-sparśa-
12.6.43.4,hrasva-dīrghādi-lakṣaṇam
12.6.44.1,tenāsau caturo vedāṁś
12.6.44.2,caturbhir vadanair vibhuḥ
12.6.44.3,sa-vyāhṛtikān soṁkārāṁś
12.6.44.4,cātur-hotra-vivakṣayā
12.6.45.1,putrān adhyāpayat tāṁs tu
12.6.45.2,brahmarṣīn brahma-kovidān
12.6.45.3,te tu dharmopadeṣṭāraḥ
12.6.45.4,sva-putrebhyaḥ samādiśan
12.6.46.1,te paramparayā prāptās
12.6.46.2,tat-tac-chiṣyair dhṛta-vrataiḥ
12.6.46.3,catur-yugeṣv atha vyastā
12.6.46.4,dvāparādau maharṣibhiḥ
12.6.47.1,kṣīṇāyuṣaḥ kṣīṇa-sattvān
12.6.47.2,durmedhān vīkṣya kālataḥ
12.6.47.3,vedān brahmarṣayo vyasyan
12.6.47.4,hṛdi-sthācyuta-coditāḥ
12.6.48-49.1,asminn apy antare brahman
12.6.48-49.2,bhagavān loka-bhāvanaḥ
12.6.48-49.3,brahmeśādyair loka-pālair
12.6.48-49.4,yācito dharma-guptaye
12.6.50.1,ṛg-atharva-yajuḥ-sāmnāṁ
12.6.50.2,rāśīr uddhṛtya vargaśaḥ
12.6.50.3,catasraḥ saṁhitāś cakre
12.6.50.4,mantrair maṇi-gaṇā iva
12.6.51.1,tāsāṁ sa caturaḥ śiṣyān
12.6.51.2,upāhūya mahā-matiḥ
12.6.51.3,ekaikāṁ saṁhitāṁ brahmann
12.6.51.4,ekaikasmai dadau vibhuḥ
12.6.52-53.1,pailāya saṁhitām ādyāṁ
12.6.52-53.2,bahvṛcākhyāṁ uvāca ha
12.6.52-53.3,vaiśampāyana-saṁjñāya
12.6.52-53.4,nigadākhyaṁ yajur-gaṇam
12.6.54-56.1,pailaḥ sva-saṁhitām ūce
12.6.54-56.2,indrapramitaye muniḥ
12.6.54-56.3,bāṣkalāya ca so ’py āha
12.6.54-56.4,śiṣyebhyaḥ saṁhitāṁ svakām
12.6.57.1,śākalyas tat-sutaḥ svāṁ tu
12.6.57.2,pañcadhā vyasya saṁhitām
12.6.57.3,vātsya-mudgala-śālīya-
12.6.57.4,gokhalya-śiśireṣv adhāt
12.6.58.1,jātūkarṇyaś ca tac-chiṣyaḥ
12.6.58.2,sa-niruktāṁ sva-saṁhitām
12.6.58.3,balāka-paila-jābāla-
12.6.58.4,virajebhyo dadau muniḥ
12.6.59.1,bāṣkaliḥ prati-śākhābhyo
12.6.59.2,vālakhilyākhya-saṁhitām
12.6.59.3,cakre vālāyanir bhajyaḥ
12.6.59.4,kāśāraś caiva tāṁ dadhuḥ
12.6.60.1,bahvṛcāḥ saṁhitā hy etā
12.6.60.2,ebhir brahmarṣibhir dhṛtāḥ
12.6.60.3,śrutvaitac-chandasāṁ vyāsaṁ
12.6.60.4,sarva-pāpaiḥ pramucyate
12.6.61.1,vaiśampāyana-śiṣyā vai
12.6.61.2,carakādhvaryavo ’bhavan
12.6.61.3,yac cerur brahma-hatyāṁhaḥ
12.6.61.4,kṣapaṇaṁ sva-guror vratam
12.6.62.1,yājñavalkyaś ca tac-chiṣya
12.6.62.2,āhāho bhagavan kiyat
12.6.62.3,caritenālpa-sārāṇāṁ
12.6.62.4,cariṣye ’haṁ su-duścaram
12.6.63.1,ity ukto gurur apy āha
12.6.63.2,kupito yāhy alaṁ tvayā
12.6.63.3,viprāvamantrā śiṣyeṇa
12.6.63.4,mad-adhītaṁ tyajāśv iti
12.6.64-65.1,devarāta-sutaḥ so ’pi
12.6.64-65.2,charditvā yajuṣāṁ gaṇam
12.6.64-65.3,tato gato ’tha munayo
12.6.64-65.4,dadṛśus tān yajur-gaṇān
12.6.66.1,yājñavalkyas tato brahmaṁś
12.6.66.2,chandāṁsy adhi gaveṣayan
12.6.66.3,guror avidyamānāni
12.6.66.4,sūpatasthe ’rkam īśvaram
12.6.67.1,śrī-yājñavalkya uvāca
12.6.68.1,yad u ha vāva vibudharṣabha savitar adas tapaty anusavanam ahar ahar āmnāya-vidhinopatiṣṭhamānānām akhila-durita-vṛjina- bījāvabharjana bhagavataḥ samabhidhīmahi tapana maṇḍalam.
12.6.69.1,ya iha vāva sthira-cara-nikarāṇāṁ nija-niketanānāṁ mana-indriyāsu-gaṇān anātmanaḥ svayam ātmāntar-yāmī pracodayati.
12.6.70.1,ya evemaṁ lokam ati-karāla-vadanāndhakāra-saṁjñājagara-graha-gilitaṁ mṛtakam iva vicetanam avalokyānukampayā parama-kāruṇika īkṣayaivotthāpyāhar ahar anusavanaṁ śreyasi sva-dharmākhyātmāva-sthane pravartayati.
12.6.71.1,avani-patir ivāsādhūnāṁ bhayam udīrayann aṭati parita āśā-pālais tatra tatra kamala-kośāñjalibhir upahṛtārhaṇaḥ.
12.6.72.1,atha ha bhagavaṁs tava caraṇa-nalina-yugalaṁ tri-bhuvana-gurubhir abhivanditam aham ayāta-yāma-yajuṣ-kāma upasarāmīti.
12.6.73.1,sūta uvāca
12.6.74.1,yajurbhir akaroc chākhā
12.6.74.2,daśa pañca śatair vibhuḥ
12.6.74.3,jagṛhur vājasanyas tāḥ
12.6.74.4,kāṇva-mādhyandinādayaḥ
12.6.75.1,jaimineḥ sama-gasyāsīt
12.6.75.2,sumantus tanayo muniḥ
12.6.75.3,sutvāṁs tu tat-sutas tābhyām
12.6.75.4,ekaikāṁ prāha saṁhitām
12.6.76-77.1,sukarmā cāpi tac-chiṣyaḥ
12.6.76-77.2,sāma-veda-taror mahān
12.6.76-77.3,sahasra-saṁhitā-bhedaṁ
12.6.76-77.4,cakre sāmnāṁ tato dvija
12.6.78.1,udīcyāḥ sāma-gāḥ śiṣyā
12.6.78.2,āsan pañca-śatāni vai
12.6.78.3,pauṣyañjy-āvantyayoś cāpi
12.6.78.4,tāṁś ca prācyān pracakṣate
12.6.79.1,laugākṣir māṅgaliḥ kulyaḥ
12.6.79.2,kuśīdaḥ kukṣir eva ca
12.6.79.3,pauṣyañji-śiṣyā jagṛhuḥ
12.6.79.4,saṁhitās te śataṁ śatam
12.6.80.1,kṛto hiraṇyanābhasya
12.6.80.2,catur-viṁśati saṁhitāḥ
12.6.80.3,śiṣya ūce sva-śiṣyebhyaḥ
12.6.80.4,śeṣā āvantya ātmavān
12.7.1.1,sūta uvāca
12.7.2.1,śauklāyanir brahmabalir
12.7.2.2,modoṣaḥ pippalāyaniḥ
12.7.2.3,vedadarśasya śiṣyās te
12.7.2.4,pathya-śiṣyān atho śṛṇu
12.7.2.5,kumudaḥ śunako brahman
12.7.2.6,jājaliś cāpy atharva-vit
12.7.3.1,babhruḥ śiṣyo ’thāṅgirasaḥ
12.7.3.2,saindhavāyana eva ca
12.7.3.3,adhīyetāṁ saṁhite dve
12.7.3.4,sāvarṇādyās tathāpare
12.7.4.1,nakṣatrakalpaḥ śāntiś ca
12.7.4.2,kaśyapāṅgirasādayaḥ
12.7.4.3,ete ātharvaṇācāryāḥ
12.7.4.4,śṛṇu paurāṇikān mune
12.7.5.1,trayyāruṇiḥ kaśyapaś ca
12.7.5.2,sāvarṇir akṛtavraṇaḥ
12.7.5.3,vaiśampāyana-hārītau
12.7.5.4,ṣaḍ vai paurāṇikā ime
12.7.6.1,adhīyanta vyāsa-śiṣyāt
12.7.6.2,saṁhitāṁ mat-pitur mukhāt
12.7.6.3,ekaikām aham eteṣāṁ
12.7.6.4,śiṣyaḥ sarvāḥ samadhyagām
12.7.7.1,kaśyapo ’haṁ ca sāvarṇī
12.7.7.2,rāma-śiṣyo ’kṛtavraṇaḥ
12.7.7.3,adhīmahi vyāsa-śiṣyāc
12.7.7.4,catvāro mūla-saṁhitāḥ
12.7.8.1,purāṇa-lakṣaṇaṁ brahman
12.7.8.2,brahmarṣibhir nirūpitam
12.7.8.3,śṛṇuṣva buddhim āśritya
12.7.8.4,veda-śāstrānusārataḥ
12.7.9-10.1,sargo ’syātha visargaś ca
12.7.9-10.2,vṛtti-rakṣāntarāṇi ca
12.7.9-10.3,vaṁśo vaṁśānucaritaṁ
12.7.9-10.4,saṁsthā hetur apāśrayaḥ
12.7.11.1,avyākṛta-guṇa-kṣobhān
12.7.11.2,mahatas tri-vṛto ’hamaḥ
12.7.11.3,bhūta-sūkṣmendriyārthānāṁ
12.7.11.4,sambhavaḥ sarga ucyate
12.7.12.1,puruṣānugṛhītānām
12.7.12.2,eteṣāṁ vāsanā-mayaḥ
12.7.12.3,visargo ’yaṁ samāhāro
12.7.12.4,bījād bījaṁ carācaram
12.7.13.1,vṛttir bhūtāni bhūtānāṁ
12.7.13.2,carāṇām acarāṇi ca
12.7.13.3,kṛtā svena nṛṇāṁ tatra
12.7.13.4,kāmāc codanayāpi vā
12.7.14.1,rakṣācyutāvatārehā
12.7.14.2,viśvasyānu yuge yuge
12.7.14.3,tiryaṅ-martyarṣi-deveṣu
12.7.14.4,hanyante yais trayī-dviṣaḥ
12.7.15.1,manvantaraṁ manur devā
12.7.15.2,manu-putrāḥ sureśvarāḥ
12.7.15.3,ṛṣayo ’ṁśāvatārāś ca
12.7.15.4,hareḥ ṣaḍ-vidham ucyate
12.7.16.1,rājñāṁ brahma-prasūtānāṁ
12.7.16.2,vaṁśas trai-kāliko ’nvayaḥ
12.7.16.3,vaṁśānucaritaṁ teṣāṁ
12.7.16.4,vṛttaṁ vaṁśa-dharās ca ye
12.7.17.1,naimittikaḥ prākṛtiko
12.7.17.2,nitya ātyantiko layaḥ
12.7.17.3,saṁstheti kavibhiḥ proktaś
12.7.17.4,caturdhāsya svabhāvataḥ
12.7.18.1,hetur jīvo ’sya sargāder
12.7.18.2,avidyā-karma-kārakaḥ
12.7.18.3,yaṁ cānuśāyinaṁ prāhur
12.7.18.4,avyākṛtam utāpare
12.7.19.1,vyatirekānvayo yasya
12.7.19.2,jāgrat-svapna-suṣuptiṣu
12.7.19.3,māyā-mayeṣu tad brahma
12.7.19.4,jīva-vṛttiṣv apāśrayaḥ
12.7.20.1,padārtheṣu yathā dravyaṁ
12.7.20.2,san-mātraṁ rūpa-nāmasu
12.7.20.3,bījādi-pañcatāntāsu
12.7.20.4,hy avasthāsu yutāyutam
12.7.21.1,virameta yadā cittaṁ
12.7.21.2,hitvā vṛtti-trayaṁ svayam
12.7.21.3,yogena vā tadātmānaṁ
12.7.21.4,vedehāyā nivartate
12.7.22.1,evaṁ lakṣaṇa-lakṣyāṇi
12.7.22.2,purāṇāni purā-vidaḥ
12.7.22.3,munayo ’ṣṭādaśa prāhuḥ
12.7.22.4,kṣullakāni mahānti ca
12.7.23-24.1,brāhmaṁ pādmaṁ vaiṣṇavaṁ ca
12.7.23-24.2,śaivaṁ laiṅgaṁ sa-gāruḍaṁ
12.7.23-24.3,nāradīyaṁ bhāgavatam
12.7.23-24.4,āgneyaṁ skānda-saṁjñitam
12.7.25.1,brahmann idaṁ samākhyātaṁ
12.7.25.2,śākhā-praṇayanaṁ muneḥ
12.7.25.3,śiṣya-śiṣya-praśiṣyāṇāṁ
12.7.25.4,brahma-tejo-vivardhanam
12.8.1.1,śrī-śaunaka uvāca
12.8.2-5.1,āhuś cirāyuṣam ṛṣiṁ
12.8.2-5.2,mṛkaṇḍu-tanayaṁ janāḥ
12.8.2-5.3,yaḥ kalpānte hy urvarito
12.8.2-5.4,yena grastam idaṁ jagat
12.8.6.1,sūta uvāca
12.8.7-11.1,prāpta-dvijāti-saṁskāro
12.8.7-11.2,mārkaṇḍeyaḥ pituḥ kramāt
12.8.7-11.3,chandāṁsy adhītya dharmeṇa
12.8.7-11.4,tapaḥ-svādhyāya-saṁyutaḥ
12.8.12.1,brahmā bhṛgur bhavo dakṣo
12.8.12.2,brahma-putrāś ca ye ’pare
12.8.12.3,nṛ-deva-pitṛ-bhūtāni
12.8.12.4,tenāsann ati-vismitāḥ
12.8.13.1,itthaṁ bṛhad-vrata-dharas
12.8.13.2,tapaḥ-svādhyāya-saṁyamaiḥ
12.8.13.3,dadhyāv adhokṣajaṁ yogī
12.8.13.4,dhvasta-kleśāntarātmanā
12.8.14.1,tasyaivaṁ yuñjataś cittaṁ
12.8.14.2,mahā-yogena yoginaḥ
12.8.14.3,vyatīyāya mahān kālo
12.8.14.4,manvantara-ṣaḍ-ātmakaḥ
12.8.15.1,etat purandaro jñātvā
12.8.15.2,saptame ’smin kilāntare
12.8.15.3,tapo-viśaṅkito brahmann
12.8.15.4,ārebhe tad-vighātanam
12.8.16.1,gandharvāpsarasaḥ kāmaṁ
12.8.16.2,vasanta-malayānilau
12.8.16.3,munaye preṣayām āsa
12.8.16.4,rajas-toka-madau tathā
12.8.17.1,te vai tad-āśramaṁ jagmur
12.8.17.2,himādreḥ pārśva uttare
12.8.17.3,puṣpabhadrā nadī yatra
12.8.17.4,citrākhyā ca śilā vibho
12.8.18-20.1,tad-āśrama-padaṁ puṇyaṁ
12.8.18-20.2,puṇya-druma-latāñcitam
12.8.18-20.3,puṇya-dvija-kulākīrṇaṁ
12.8.18-20.4,puṇyāmala-jalāśayam
12.8.21.1,udyac-candra-niśā-vaktraḥ
12.8.21.2,pravāla-stabakālibhiḥ
12.8.21.3,gopa-druma-latā-jālais
12.8.21.4,tatrāsīt kusumākaraḥ
12.8.22.1,anvīyamāno gandharvair
12.8.22.2,gīta-vāditra-yūthakaiḥ
12.8.22.3,adṛśyatātta-cāpeṣuḥ
12.8.22.4,svaḥ-strī-yūtha-patiḥ smaraḥ
12.8.23.1,hutvāgniṁ samupāsīnaṁ
12.8.23.2,dadṛśuḥ śakra-kiṅkarāḥ
12.8.23.3,mīlitākṣaṁ durādharṣaṁ
12.8.23.4,mūrtimantam ivānalam
12.8.24.1,nanṛtus tasya purataḥ
12.8.24.2,striyo ’tho gāyakā jaguḥ
12.8.24.3,mṛdaṅga-vīṇā-paṇavair
12.8.24.4,vādyaṁ cakrur mano-ramam
12.8.25.1,sandadhe ’straṁ sva-dhanuṣi
12.8.25.2,kāmaḥ pañca-mukhaṁ tadā
12.8.25.3,madhur mano rajas-toka
12.8.25.4,indra-bhṛtyā vyakampayan
12.8.26-27.1,krīḍantyāḥ puñjikasthalyāḥ
12.8.26-27.2,kandukaiḥ stana-gauravāt
12.8.26-27.3,bhṛśam udvigna-madhyāyāḥ
12.8.26-27.4,keśa-visraṁsita-srajaḥ
12.8.28.1,visasarja tadā bāṇaṁ
12.8.28.2,matvā taṁ sva-jitaṁ smaraḥ
12.8.28.3,sarvaṁ tatrābhavan mogham
12.8.28.4,anīśasya yathodyamaḥ
12.8.29.1,ta ittham apakurvanto
12.8.29.2,munes tat-tejasā mune
12.8.29.3,dahyamānā nivavṛtuḥ
12.8.29.4,prabodhyāhim ivārbhakāḥ
12.8.30.1,itīndrānucarair brahman
12.8.30.2,dharṣito ’pi mahā-muniḥ
12.8.30.3,yan nāgād ahamo bhāvaṁ
12.8.30.4,na tac citraṁ mahatsu hi
12.8.31.1,dṛṣṭvā nistejasaṁ kāmaṁ
12.8.31.2,sa-gaṇaṁ bhagavān svarāṭ
12.8.31.3,śrutvānubhāvaṁ brahmarṣer
12.8.31.4,vismayaṁ samagāt param
12.8.32.1,tasyaivaṁ yuñjataś cittaṁ
12.8.32.2,tapaḥ-svādhyāya-saṁyamaiḥ
12.8.32.3,anugrahāyāvirāsīn
12.8.32.4,nara-nārāyaṇo hariḥ
12.8.33-34.1,tau śukla-kṛṣṇau nava-kañja-locanau
12.8.33-34.2,catur-bhujau raurava-valkalāmbarau
12.8.33-34.3,pavitra-pāṇī upavītakaṁ tri-vṛt
12.8.33-34.4,kamaṇḍaluṁ daṇḍam ṛjuṁ ca vaiṇavam
12.8.35.1,te vai bhagavato rūpe
12.8.35.2,nara-nārāyaṇāv ṛṣī
12.8.35.3,dṛṣṭvotthāyādareṇoccair
12.8.35.4,nanāmāṅgena daṇḍa-vat
12.8.36.1,sa tat-sandarśanānanda-
12.8.36.2,nirvṛtātmendriyāśayaḥ
12.8.36.3,hṛṣṭa-romāśru-pūrṇākṣo
12.8.36.4,na sehe tāv udīkṣitum
12.8.37.1,utthāya prāñjaliḥ prahva
12.8.37.2,autsukyād āśliṣann iva
12.8.37.3,namo nama itīśānau
12.8.37.4,babhāṣe gadgadākṣaram
12.8.38.1,tayor āsanam ādāya
12.8.38.2,pādayor avanijya ca
12.8.38.3,arhaṇenānulepena
12.8.38.4,dhūpa-mālyair apūjayat
12.8.39.1,sukham āsanam āsīnau
12.8.39.2,prasādābhimukhau munī
12.8.39.3,punar ānamya pādābhyāṁ
12.8.39.4,gariṣṭhāv idam abravīt
12.8.40.1,śrī-mārkaṇḍeya uvāca
12.8.41.1,mūrtī ime bhagavato bhagavaṁs tri-lokyāḥ
12.8.41.2,kṣemāya tāpa-viramāya ca mṛtyu-jityai
12.8.41.3,nānā bibharṣy avitum anya-tanūr yathedaṁ
12.8.41.4,sṛṣṭvā punar grasasi sarvam ivorṇanābhiḥ
12.8.42.1,tasyāvituḥ sthira-careśitur aṅghri-mūlaṁ
12.8.42.2,yat-sthaṁ na karma-guṇa-kāla-rajaḥ spṛśanti
12.8.42.3,yad vai stuvanti ninamanti yajanty abhīkṣṇaṁ
12.8.42.4,dhyāyanti veda-hṛdayā munayas tad-āptyai
12.8.43.1,nānyaṁ tavāṅghry-upanayād apavarga-mūrteḥ
12.8.43.2,kṣemaṁ janasya parito-bhiya īśa vidmaḥ
12.8.43.3,brahmā bibhety alam ato dvi-parārdha-dhiṣṇyaḥ
12.8.43.4,kālasya te kim uta tat-kṛta-bhautikānām
12.8.44.1,tad vai bhajāmy ṛta-dhiyas tava pāda-mūlaṁ
12.8.44.2,hitvedam ātma-cchadi cātma-guroḥ parasya
12.8.44.3,dehādy apārtham asad antyam abhijña-mātraṁ
12.8.44.4,vindeta te tarhi sarva-manīṣitārtham
12.8.45.1,sattvaṁ rajas tama itīśa tavātma-bandho
12.8.45.2,māyā-mayāḥ sthiti-layodaya-hetavo ’sya
12.8.45.3,līlā dhṛtā yad api sattva-mayī praśāntyai
12.8.45.4,nānye nṛṇāṁ vyasana-moha-bhiyaś ca yābhyām
12.8.46.1,tasmāt taveha bhagavann atha tāvakānāṁ
12.8.46.2,śuklāṁ tanuṁ sva-dayitāṁ kuśalā bhajanti
12.8.46.3,yat sātvatāḥ puruṣa-rūpam uśanti sattvaṁ
12.8.46.4,loko yato ’bhayam utātma-sukhaṁ na cānyat
12.8.47.1,tasmai namo bhagavate puruṣāya bhūmne
12.8.47.2,viśvāya viśva-gurave para-daivatāya
12.8.47.3,nārāyaṇāya ṛṣaye ca narottamāya
12.8.47.4,haṁsāya saṁyata-gire nigameśvarāya
12.8.48.1,yaṁ vai na veda vitathākṣa-pathair bhramad-dhīḥ
12.8.48.2,santaṁ svakeṣv asuṣu hṛdy api dṛk-patheṣu
12.8.48.3,tan-māyayāvṛta-matiḥ sa u eva sākṣād
12.8.48.4,ādyas tavākhila-guror upasādya vedam
12.8.49.1,yad-darśanaṁ nigama ātma-rahaḥ-prakāśaṁ
12.8.49.2,muhyanti yatra kavayo ’ja-parā yatantaḥ
12.8.49.3,taṁ sarva-vāda-viṣaya-pratirūpa-śīlaṁ
12.8.49.4,vande mahā-puruṣam ātma-nigūḍha-bodham
12.9.1.1,sūta uvāca
12.9.2.1,śrī-bhagavān uvāca
12.9.3.1,vayaṁ te parituṣṭāḥ sma
12.9.3.2,tvad-bṛhad-vrata-caryayā
12.9.3.3,varaṁ pratīccha bhadraṁ te
12.9.3.4,vara-do ’smi tvad-īpsitam
12.9.4.1,śrī-ṛṣir uvāca
12.9.5.1,gṛhītvājādayo yasya
12.9.5.2,śrīmat-pādābja-darśanam
12.9.5.3,manasā yoga-pakvena
12.9.5.4,sa bhavān me ’kṣi-gocaraḥ
12.9.6.1,athāpy ambuja-patrākṣa
12.9.6.2,puṇya-śloka-śikhāmaṇe
12.9.6.3,drakṣye māyāṁ yayā lokaḥ
12.9.6.4,sa-pālo veda sad-bhidām
12.9.7.1,sūta uvāca
12.9.8-9.1,tam eva cintayann artham
12.9.8-9.2,ṛṣiḥ svāśrama eva saḥ
12.9.8-9.3,vasann agny-arka-somāmbu-
12.9.8-9.4,bhū-vāyu-viyad-ātmasu
12.9.10.1,tasyaikadā bhṛgu-śreṣṭha
12.9.10.2,puṣpabhadrā-taṭe muneḥ
12.9.10.3,upāsīnasya sandhyāyāṁ
12.9.10.4,brahman vāyur abhūn mahān
12.9.11.1,taṁ caṇḍa-śabdaṁ samudīrayantaṁ
12.9.11.2,balāhakā anv abhavan karālāḥ
12.9.11.3,akṣa-sthaviṣṭhā mumucus taḍidbhiḥ
12.9.11.4,svananta uccair abhi varṣa-dhārāḥ
12.9.12.1,tato vyadṛśyanta catuḥ samudrāḥ
12.9.12.2,samantataḥ kṣmā-talam āgrasantaḥ
12.9.12.3,samīra-vegormibhir ugra-nakra-
12.9.12.4,mahā-bhayāvarta-gabhīra-ghoṣāḥ
12.9.13.1,antar bahiś cādbhir ati-dyubhiḥ kharaiḥ
12.9.13.2,śatahradābhir upatāpitaṁ jagat
12.9.13.3,catur-vidhaṁ vīkṣya sahātmanā munir
12.9.13.4,jalāplutāṁ kṣmāṁ vimanāḥ samatrasat
12.9.14.1,tasyaivam udvīkṣata ūrmi-bhīṣaṇaḥ
12.9.14.2,prabhañjanāghūrṇita-vār mahārṇavaḥ
12.9.14.3,āpūryamāṇo varaṣadbhir ambudaiḥ
12.9.14.4,kṣmām apyadhād dvīpa-varṣādribhiḥ samam
12.9.15.1,sa-kṣmāntarikṣaṁ sa-divaṁ sa-bhā-gaṇaṁ
12.9.15.2,trai-lokyam āsīt saha digbhir āplutam
12.9.15.3,sa eka evorvarito mahā-munir
12.9.15.4,babhrāma vikṣipya jaṭā jaḍāndha-vat
12.9.16.1,kṣut-tṛṭ-parīto makarais timiṅgilair
12.9.16.2,upadruto vīci-nabhasvatāhataḥ
12.9.16.3,tamasy apāre patito bhraman diśo
12.9.16.4,na veda khaṁ gāṁ ca pariśrameṣitaḥ
12.9.17-18.1,kracin magno mahāvarte
12.9.17-18.2,taralais tāḍitaḥ kvacit
12.9.17-18.3,yādobhir bhakṣyate kvāpi
12.9.17-18.4,svayam anyonya-ghātibhiḥ
12.9.19.1,ayutāyuta-varṣāṇāṁ
12.9.19.2,sahasrāṇi śatāni ca
12.9.19.3,vyatīyur bhramatas tasmin
12.9.19.4,viṣṇu-māyāvṛtātmanaḥ
12.9.20.1,sa kadācid bhramaṁs tasmin
12.9.20.2,pṛthivyāḥ kakudi dvijaḥ
12.9.20.3,nyāgrodha-potaṁ dadṛśe
12.9.20.4,phala-pallava-śobhitam
12.9.21.1,prāg-uttarasyāṁ śākhāyāṁ
12.9.21.2,tasyāpi dadṛśe śiśum
12.9.21.3,śayānaṁ parṇa-puṭake
12.9.21.4,grasantaṁ prabhayā tamaḥ
12.9.22-25.1,mahā-marakata-śyāmaṁ
12.9.22-25.2,śrīmad-vadana-paṅkajam
12.9.22-25.3,kambu-grīvaṁ mahoraskaṁ
12.9.22-25.4,su-nasaṁ sundara-bhruvam
12.9.26.1,tad-darśanād vīta-pariśramo mudā
12.9.26.2,protphulla-hṛt-padma-vilocanāmbujaḥ
12.9.26.3,prahṛṣṭa-romādbhuta-bhāva-śaṅkitaḥ
12.9.26.4,praṣṭuṁ puras taṁ prasasāra bālakam
12.9.27.1,tāvac chiśor vai śvasitena bhārgavaḥ
12.9.27.2,so ’ntaḥ śarīraṁ maśako yathāviśat
12.9.27.3,tatrāpy ado nyastam acaṣṭa kṛtsnaśo
12.9.27.4,yathā purāmuhyad atīva vismitaḥ
12.9.28-29.1,khaṁ rodasī bhā-gaṇān adri-sāgarān
12.9.28-29.2,dvīpān sa-varṣān kakubhaḥ surāsurān
12.9.28-29.3,vanāni deśān saritaḥ purākarān
12.9.28-29.4,kheṭān vrajān āśrama-varṇa-vṛttayaḥ
12.9.30.1,himālayaṁ puṣpavahāṁ ca tāṁ nadīṁ
12.9.30.2,nijāśramaṁ yatra ṛṣī apaśyata
12.9.30.3,viśvaṁ vipaśyañ chvasitāc chiśor vai
12.9.30.4,bahir nirasto nyapatal layābdhau
12.9.31-32.1,tasmin pṛthivyāḥ kakudi prarūḍhaṁ
12.9.31-32.2,vaṭaṁ ca tat-parṇa-puṭe śayānam
12.9.31-32.3,tokaṁ ca tat-prema-sudhā-smitena
12.9.31-32.4,nirīkṣito ’pāṅga-nirīkṣaṇena
12.9.33.1,tāvat sa bhagavān sākṣād
12.9.33.2,yogādhīśo guhā-śayaḥ
12.9.33.3,antardadha ṛṣeḥ sadyo
12.9.33.4,yathehānīśa-nirmitā
12.9.34.1,tam anv atha vaṭo brahman
12.9.34.2,salilaṁ loka-samplavaḥ
12.9.34.3,tirodhāyi kṣaṇād asya
12.9.34.4,svāśrame pūrva-vat sthitaḥ
12.10.1.1,sūta uvāca
12.10.2.1,śrī-mārkaṇḍeya uvāca
12.10.3.1,sūta uvāca
12.10.4.1,athomā tam ṛṣiṁ vīkṣya
12.10.4.2,giriśaṁ samabhāṣata
12.10.4.3,paśyemaṁ bhagavan vipraṁ
12.10.4.4,nibhṛtātmendriyāśayam
12.10.5.1,nibhṛtoda-jhaṣa-vrāto
12.10.5.2,vātāpāye yathārṇavaḥ
12.10.5.3,kurv asya tapasaḥ sākṣāt
12.10.5.4,saṁsiddhiṁ siddhi-do bhavān
12.10.6.1,śrī-bhagavān uvāca
12.10.7.1,athāpi saṁvadiṣyāmo
12.10.7.2,bhavāny etena sādhunā
12.10.7.3,ayaṁ hi paramo lābho
12.10.7.4,nṛṇāṁ sādhu-samāgamaḥ
12.10.8.1,sūta uvāca
12.10.9.1,tayor āgamanaṁ sākṣād
12.10.9.2,īśayor jagad-ātmanoḥ
12.10.9.3,na veda ruddha-dhī-vṛttir
12.10.9.4,ātmānaṁ viśvam eva ca
12.10.10.1,bhagavāṁs tad abhijñāya
12.10.10.2,giriśo yoga-māyayā
12.10.10.3,āviśat tad-guhākāśaṁ
12.10.10.4,vāyuś chidram iveśvaraḥ
12.10.11-13.1,ātmany api śivaṁ prāptaṁ
12.10.11-13.2,taḍit-piṅga-jaṭā-dharam
12.10.11-13.3,try-akṣaṁ daśa-bhujaṁ prāṁśum
12.10.11-13.4,udyantam iva bhāskaram
12.10.14.1,netre unmīlya dadṛśe
12.10.14.2,sa-gaṇaṁ somayāgatam
12.10.14.3,rudraṁ tri-lokaika-guruṁ
12.10.14.4,nanāma śirasā muniḥ
12.10.15.1,tasmai saparyāṁ vyadadhāt
12.10.15.2,sa-gaṇāya sahomayā
12.10.15.3,svāgatāsana-pādyārghya-
12.10.15.4,gandha-srag-dhūpa-dīpakaiḥ
12.10.16.1,āha tv ātmānubhāvena
12.10.16.2,pūrṇa-kāmasya te vibho
12.10.16.3,karavāma kim īśāna
12.10.16.4,yenedaṁ nirvṛtaṁ jagat
12.10.17.1,namaḥ śivāya śāntāya
12.10.17.2,sattvāya pramṛḍāya ca
12.10.17.3,rajo-juṣe ’tha ghorāya
12.10.17.4,namas tubhyaṁ tamo-juṣe
12.10.18.1,sūta uvāca
12.10.19.1,śrī-bhagavān uvāca
12.10.20-21.1,brāhmaṇāḥ sādhavaḥ śāntā
12.10.20-21.2,niḥsaṅgā bhūta-vatsalāḥ
12.10.20-21.3,ekānta-bhaktā asmāsu
12.10.20-21.4,nirvairāḥ sama-darśinaḥ
12.10.22.1,na te mayy acyute ’je ca
12.10.22.2,bhidām aṇv api cakṣate
12.10.22.3,nātmanaś ca janasyāpi
12.10.22.4,tad yuṣmān vayam īmahi
12.10.23.1,na hy am-mayāni tīrthāni
12.10.23.2,na devāś cetanojjhitāḥ
12.10.23.3,te punanty uru-kālena
12.10.23.4,yūyaṁ darśana-mātrataḥ
12.10.24.1,brāhmaṇebhyo namasyāmo
12.10.24.2,ye ’smad-rūpaṁ trayī-mayam
12.10.24.3,bibhraty ātma-samādhāna-
12.10.24.4,tapaḥ-svādhyāya-saṁyamaiḥ
12.10.25.1,śravaṇād darśanād vāpi
12.10.25.2,mahā-pātakino ’pi vaḥ
12.10.25.3,śudhyerann antya-jāś cāpi
12.10.25.4,kim u sambhāṣaṇādibhiḥ
12.10.26.1,sūta uvāca
12.10.27.1,sa ciraṁ māyayā viṣṇor
12.10.27.2,bhrāmitaḥ karśito bhṛśam
12.10.27.3,śiva-vāg-amṛta-dhvasta-
12.10.27.4,kleśa-puñjas tam abravīt
12.10.28.1,śrī-mārkaṇḍeya uvāca
12.10.29.1,dharmaṁ grāhayituṁ prāyaḥ
12.10.29.2,pravaktāraś ca dehinām
12.10.29.3,ācaranty anumodante
12.10.29.4,kriyamāṇaṁ stuvanti ca
12.10.30.1,naitāvatā bhagavataḥ
12.10.30.2,sva-māyā-maya-vṛttibhiḥ
12.10.30.3,na duṣyetānubhāvas tair
12.10.30.4,māyinaḥ kuhakaṁ yathā
12.10.31-32.1,sṛṣṭvedaṁ manasā viśvam
12.10.31-32.2,ātmanānupraviśya yaḥ
12.10.31-32.3,guṇaiḥ kurvadbhir ābhāti
12.10.31-32.4,karteva svapna-dṛg yathā
12.10.33.1,kaṁ vṛṇe nu paraṁ bhūman
12.10.33.2,varaṁ tvad vara-darśanāt
12.10.33.3,yad-darśanāt pūrṇa-kāmaḥ
12.10.33.4,satya-kāmaḥ pumān bhavet
12.10.34.1,varam ekaṁ vṛṇe ’thāpi
12.10.34.2,pūrṇāt kāmābhivarṣaṇāt
12.10.34.3,bhagavaty acyutāṁ bhaktiṁ
12.10.34.4,tat-pareṣu tathā tvayi
12.10.35.1,sūta uvāca
12.10.36.1,kāmo maharṣe sarvo ’yaṁ
12.10.36.2,bhaktimāṁs tvam adhokṣaje
12.10.36.3,ā-kalpāntād yaśaḥ puṇyam
12.10.36.4,ajarāmaratā tathā
12.10.37.1,jñānaṁ trai-kālikaṁ brahman
12.10.37.2,vijñānaṁ ca viraktimat
12.10.37.3,brahma-varcasvino bhūyāt
12.10.37.4,purāṇācāryatāstu te
12.10.38.1,sūta uvāca
12.10.39.1,so ’py avāpta-mahā-yoga-
12.10.39.2,mahimā bhārgavottamaḥ
12.10.39.3,vicaraty adhunāpy addhā
12.10.39.4,harāv ekāntatāṁ gataḥ
12.10.40.1,anuvarṇitam etat te
12.10.40.2,mārkaṇḍeyasya dhīmataḥ
12.10.40.3,anubhūtaṁ bhagavato
12.10.40.4,māyā-vaibhavam adbhutam
12.10.41.1,etat kecid avidvāṁso
12.10.41.2,māyā-saṁsṛtir ātmanaḥ
12.10.41.3,anādy-āvartitaṁ nṝṇāṁ
12.10.41.4,kādācitkaṁ pracakṣate
12.10.42.1,ya evam etad bhṛgu-varya varṇitaṁ
12.10.42.2,rathāṅga-pāṇer anubhāva-bhāvitam
12.10.42.3,saṁśrāvayet saṁśṛṇuyād u tāv ubhau
12.10.42.4,tayor na karmāśaya-saṁsṛtir bhavet
12.11.1.1,śrī-śaunaka uvāca
12.11.2-3.1,tāntrikāḥ paricaryāyāṁ
12.11.2-3.2,kevalasya śriyaḥ pateḥ
12.11.2-3.3,aṅgopāṅgāyudhākalpaṁ
12.11.2-3.4,kalpayanti yathā ca yaiḥ
12.11.4.1,sūta uvāca
12.11.5.1,māyādyair navabhis tattvaiḥ
12.11.5.2,sa vikāra-mayo virāṭ
12.11.5.3,nirmito dṛśyate yatra
12.11.5.4,sa-citke bhuvana-trayam
12.11.6-8.1,etad vai pauruṣaṁ rūpaṁ
12.11.6-8.2,bhūḥ pādau dyauḥ śiro nabhaḥ
12.11.6-8.3,nābhiḥ sūryo ’kṣiṇī nāse
12.11.6-8.4,vāyuḥ karṇau diśaḥ prabhoḥ
12.11.9.1,yāvān ayaṁ vai puruṣo
12.11.9.2,yāvatyā saṁsthayā mitaḥ
12.11.9.3,tāvān asāv api mahā-
12.11.9.4,puruṣo loka-saṁsthayā
12.11.10.1,kaustubha-vyapadeśena
12.11.10.2,svātma-jyotir bibharty ajaḥ
12.11.10.3,tat-prabhā vyāpinī sākṣāt
12.11.10.4,śrīvatsam urasā vibhuḥ
12.11.11-12.1,sva-māyāṁ vana-mālākhyāṁ
12.11.11-12.2,nānā-guṇa-mayīṁ dadhat
12.11.11-12.3,vāsaś chando-mayaṁ pītaṁ
12.11.11-12.4,brahma-sūtraṁ tri-vṛt svaram
12.11.13.1,avyākṛtam anantākhyam
12.11.13.2,āsanaṁ yad-adhiṣṭhitaḥ
12.11.13.3,dharma-jñānādibhir yuktaṁ
12.11.13.4,sattvaṁ padmam ihocyate
12.11.14-15.1,ojaḥ-saho-bala-yutaṁ
12.11.14-15.2,mukhya-tattvaṁ gadāṁ dadhat
12.11.14-15.3,apāṁ tattvaṁ dara-varaṁ
12.11.14-15.4,tejas-tattvaṁ sudarśanam
12.11.16.1,indriyāṇi śarān āhur
12.11.16.2,ākūtīr asya syandanam
12.11.16.3,tan-mātrāṇy asyābhivyaktiṁ
12.11.16.4,mudrayārtha-kriyātmatām
12.11.17.1,maṇḍalaṁ deva-yajanaṁ
12.11.17.2,dīkṣā saṁskāra ātmanaḥ
12.11.17.3,paricaryā bhagavata
12.11.17.4,ātmano durita-kṣayaḥ
12.11.18.1,bhagavān bhaga-śabdārthaṁ
12.11.18.2,līlā-kamalam udvahan
12.11.18.3,dharmaṁ yaśaś ca bhagavāṁś
12.11.18.4,cāmara-vyajane ’bhajat
12.11.19.1,ātapatraṁ tu vaikuṇṭhaṁ
12.11.19.2,dvijā dhāmākuto-bhayam
12.11.19.3,tri-vṛd vedaḥ suparṇākhyo
12.11.19.4,yajñaṁ vahati pūruṣam
12.11.20.1,anapāyinī bhagavatī
12.11.20.2,śrīḥ sākṣād ātmano hareḥ
12.11.20.3,viṣvaksenas tantra-mūrtir
12.11.20.4,viditaḥ pārṣadādhipaḥ
12.11.20.5,nandādayo ’ṣṭau dvāḥ-sthāś ca
12.11.20.6,te ’ṇimādyā harer guṇāḥ
12.11.21.1,vāsudevaḥ saṅkarṣaṇaḥ
12.11.21.2,pradyumnaḥ puruṣaḥ svayam
12.11.21.3,aniruddha iti brahman
12.11.21.4,mūrti-vyūho ’bhidhīyate
12.11.22.1,sa viśvas taijasaḥ prājñas
12.11.22.2,turīya iti vṛttibhiḥ
12.11.22.3,arthendriyāśaya-jñānair
12.11.22.4,bhagavān paribhāvyate
12.11.23.1,aṅgopāṅgāyudhākalpair
12.11.23.2,bhagavāṁs tac catuṣṭayam
12.11.23.3,bibharti sma catur-mūrtir
12.11.23.4,bhagavān harir īśvaraḥ
12.11.24.1,dvija-ṛṣabha sa eṣa brahma-yoniḥ svayaṁ-dṛk
12.11.24.2,sva-mahima-paripūrṇo māyayā ca svayaitat
12.11.24.3,sṛjati harati pātīty ākhyayānāvṛtākṣo
12.11.24.4,vivṛta iva niruktas tat-parair ātma-labhyaḥ
12.11.25.1,śrī-kṛṣṇa kṛṣṇa-sakha vṛṣṇy-ṛṣabhāvani-dhrug-
12.11.25.2,rājanya-vaṁśa-dahanānapavarga-vīrya
12.11.25.3,govinda gopa-vanitā-vraja-bhṛtya-gīta
12.11.25.4,tīrtha-śravaḥ śravaṇa-maṅgala pāhi bhṛtyān
12.11.26.1,ya idaṁ kalya utthāya
12.11.26.2,mahā-puruṣa-lakṣaṇam
12.11.26.3,tac-cittaḥ prayato japtvā
12.11.26.4,brahma veda guhāśayam
12.11.27-28.1,śrī-śaunaka uvāca
12.11.29.1,sūta uvāca
12.11.30.1,eka eva hi lokānāṁ
12.11.30.2,sūrya ātmādi-kṛd dhariḥ
12.11.30.3,sarva-veda-kriyā-mūlam
12.11.30.4,ṛṣibhir bahudhoditaḥ
12.11.31.1,kālo deśaḥ kriyā kartā
12.11.31.2,karaṇaṁ kāryam āgamaḥ
12.11.31.3,dravyaṁ phalam iti brahman
12.11.31.4,navadhokto ’jayā hariḥ
12.11.32.1,madhv-ādiṣu dvādaśasu
12.11.32.2,bhagavān kāla-rūpa-dhṛk
12.11.32.3,loka-tantrāya carati
12.11.32.4,pṛthag dvādaśabhir gaṇaiḥ
12.11.33.1,dhātā kṛtasthalī hetir
12.11.33.2,vāsukī rathakṛn mune
12.11.33.3,pulastyas tumburur iti
12.11.33.4,madhu-māsaṁ nayanty amī
12.11.34.1,aryamā pulaho ’thaujāḥ
12.11.34.2,prahetiḥ puñjikasthalī
12.11.34.3,nāradaḥ kacchanīraś ca
12.11.34.4,nayanty ete sma mādhavam
12.11.35.1,mitro ’triḥ pauruṣeyo ’tha
12.11.35.2,takṣako menakā hahāḥ
12.11.35.3,rathasvana iti hy ete
12.11.35.4,śukra-māsaṁ nayanty amī
12.11.36.1,vasiṣṭho varuṇo rambhā
12.11.36.2,sahajanyas tathā huhūḥ
12.11.36.3,śukraś citrasvanaś caiva
12.11.36.4,śuci-māsaṁ nayanty amī
12.11.37.1,indro viśvāvasuḥ śrotā
12.11.37.2,elāpatras tathāṅgirāḥ
12.11.37.3,pramlocā rākṣaso varyo
12.11.37.4,nabho-māsaṁ nayanty amī
12.11.38.1,vivasvān ugrasenaś ca
12.11.38.2,vyāghra āsāraṇo bhṛguḥ
12.11.38.3,anumlocā śaṅkhapālo
12.11.38.4,nabhasyākhyaṁ nayanty amī
12.11.39.1,pūṣā dhanañjayo vātaḥ
12.11.39.2,suṣeṇaḥ surucis tathā
12.11.39.3,ghṛtācī gautamaś ceti
12.11.39.4,tapo-māsaṁ nayanty amī
12.11.40.1,ṛtur varcā bharadvājaḥ
12.11.40.2,parjanyaḥ senajit tathā
12.11.40.3,viśva airāvataś caiva
12.11.40.4,tapasyākhyaṁ nayanty amī
12.11.41.1,athāṁśuḥ kaśyapas tārkṣya
12.11.41.2,ṛtasenas tathorvaśī
12.11.41.3,vidyucchatrur mahāśaṅkhaḥ
12.11.41.4,saho-māsaṁ nayanty amī
12.11.42.1,bhagaḥ sphūrjo ’riṣṭanemir
12.11.42.2,ūrṇa āyuś ca pañcamaḥ
12.11.42.3,karkoṭakaḥ pūrvacittiḥ
12.11.42.4,puṣya-māsaṁ nayanty amī
12.11.43.1,tvaṣṭā ṛcīka-tanayaḥ
12.11.43.2,kambalaś ca tilottamā
12.11.43.3,brahmāpeto ’tha satajid
12.11.43.4,dhṛtarāṣṭra iṣam-bharāḥ
12.11.44.1,viṣṇur aśvataro rambhā
12.11.44.2,sūryavarcāś ca satyajit
12.11.44.3,viśvāmitro makhāpeta
12.11.44.4,ūrja-māsaṁ nayanty amī
12.11.45.1,etā bhagavato viṣṇor
12.11.45.2,ādityasya vibhūtayaḥ
12.11.45.3,smaratāṁ sandhyayor nṝṇāṁ
12.11.45.4,haranty aṁho dine dine
12.11.46.1,dvādaśasv api māseṣu
12.11.46.2,devo ’sau ṣaḍbhir asya vai
12.11.46.3,caran samantāt tanute
12.11.46.4,paratreha ca san-matim
12.11.47-48.1,sāmarg-yajurbhis tal-liṅgair
12.11.47-48.2,ṛṣayaḥ saṁstuvanty amum
12.11.47-48.3,gandharvās taṁ pragāyanti
12.11.47-48.4,nṛtyanty apsaraso ’grataḥ
12.11.49.1,vālakhilyāḥ sahasrāṇi
12.11.49.2,ṣaṣṭir brahmarṣayo ’malāḥ
12.11.49.3,purato ’bhimukhaṁ yānti
12.11.49.4,stuvanti stutibhir vibhum
12.11.50.1,evaṁ hy anādi-nidhano
12.11.50.2,bhagavān harir īśvaraḥ
12.11.50.3,kalpe kalpe svam ātmānaṁ
12.11.50.4,vyūhya lokān avaty ajaḥ
12.12.1.1,sūta uvāca
12.12.2.1,etad vaḥ kathitaṁ viprā
12.12.2.2,viṣṇoś caritam adbhutam
12.12.2.3,bhavadbhir yad ahaṁ pṛṣṭo
12.12.2.4,narāṇāṁ puruṣocitam
12.12.3.1,atra saṅkīrtitaḥ sākṣāt
12.12.3.2,sarva-pāpa-haro hariḥ
12.12.3.3,nārāyaṇo hṛṣīkeśo
12.12.3.4,bhagavān sātvatāṁ patiḥ
12.12.4.1,atra brahma paraṁ guhyaṁ
12.12.4.2,jagataḥ prabhavāpyayam
12.12.4.3,jñānaṁ ca tad-upākhyānaṁ
12.12.4.4,proktaṁ vijñāna-saṁyutam
12.12.5.1,bhakti-yogaḥ samākhyāto
12.12.5.2,vairāgyaṁ ca tad-āśrayam
12.12.5.3,pārīkṣitam upākhyānaṁ
12.12.5.4,nāradākhyānam eva ca
12.12.6.1,prāyopaveśo rājarṣer
12.12.6.2,vipra-śāpāt parīkṣitaḥ
12.12.6.3,śukasya brahmarṣabhasya
12.12.6.4,saṁvādaś ca parīkṣitaḥ
12.12.7.1,yoga-dhāraṇayotkrāntiḥ
12.12.7.2,saṁvādo nāradājayoḥ
12.12.7.3,avatārānugītaṁ ca
12.12.7.4,sargaḥ prādhāniko ’grataḥ
12.12.8.1,viduroddhava-saṁvādaḥ
12.12.8.2,kṣattṛ-maitreyayos tataḥ
12.12.8.3,purāṇa-saṁhitā-praśno
12.12.8.4,mahā-puruṣa-saṁsthitiḥ
12.12.9.1,tataḥ prākṛtikaḥ sargaḥ
12.12.9.2,sapta vaikṛtikāś ca ye
12.12.9.3,tato brahmāṇḍa-sambhūtir
12.12.9.4,vairājaḥ puruṣo yataḥ
12.12.10.1,kālasya sthūla-sūkṣmasya
12.12.10.2,gatiḥ padma-samudbhavaḥ
12.12.10.3,bhuva uddharaṇe ’mbhodher
12.12.10.4,hiraṇyākṣa-vadho yathā
12.12.11.1,ūrdhva-tiryag-avāk-sargo
12.12.11.2,rudra-sargas tathaiva ca
12.12.11.3,ardha-nārīśvarasyātha
12.12.11.4,yataḥ svāyambhuvo manuḥ
12.12.12.1,śatarūpā ca yā strīṇām
12.12.12.2,ādyā prakṛtir uttamā
12.12.12.3,santāno dharma-patnīnāṁ
12.12.12.4,kardamasya prajāpateḥ
12.12.13.1,avatāro bhagavataḥ
12.12.13.2,kapilasya mahātmanaḥ
12.12.13.3,devahūtyāś ca saṁvādaḥ
12.12.13.4,kapilena ca dhīmatā
12.12.14-15.1,nava-brahma-samutpattir
12.12.14-15.2,dakṣa-yajña-vināśanam
12.12.14-15.3,dhruvasya caritaṁ paścāt
12.12.14-15.4,pṛthoḥ prācīnabarhiṣaḥ
12.12.16.1,dvīpa-varṣa-samudrāṇāṁ
12.12.16.2,giri-nady-upavarṇanam
12.12.16.3,jyotiś-cakrasya saṁsthānaṁ
12.12.16.4,pātāla-naraka-sthitiḥ
12.12.17.1,dakṣa-janma pracetobhyas
12.12.17.2,tat-putrīṇāṁ ca santatiḥ
12.12.17.3,yato devāsura-narās
12.12.17.4,tiryaṅ-naga-khagādayaḥ
12.12.18.1,tvāṣṭrasya janma-nidhanaṁ
12.12.18.2,putrayoś ca diter dvijāḥ
12.12.18.3,daityeśvarasya caritaṁ
12.12.18.4,prahrādasya mahātmanaḥ
12.12.19.1,manv-antarānukathanaṁ
12.12.19.2,gajendrasya vimokṣaṇam
12.12.19.3,manvantarāvatārāś ca
12.12.19.4,viṣṇor hayaśirādayaḥ
12.12.20.1,kaurmaṁ mātsyaṁ nārasiṁhaṁ
12.12.20.2,vāmanaṁ ca jagat-pateḥ
12.12.20.3,kṣīroda-mathanaṁ tadvad
12.12.20.4,amṛtārthe divaukasām
12.12.21.1,devāsura-mahā-yuddhaṁ
12.12.21.2,rāja-vaṁśānukīrtanam
12.12.21.3,ikṣvāku-janma tad-vaṁśaḥ
12.12.21.4,sudyumnasya mahātmanaḥ
12.12.22.1,ilopākhyānam atroktaṁ
12.12.22.2,tāropākhyānam eva ca
12.12.22.3,sūrya-vaṁśānukathanaṁ
12.12.22.4,śaśādādyā nṛgādayaḥ
12.12.23.1,saukanyaṁ cātha śaryāteḥ
12.12.23.2,kakutsthasya ca dhīmataḥ
12.12.23.3,khaṭvāṅgasya ca māndhātuḥ
12.12.23.4,saubhareḥ sagarasya ca
12.12.24.1,rāmasya kośalendrasya
12.12.24.2,caritaṁ kilbiṣāpaham
12.12.24.3,nimer aṅga-parityāgo
12.12.24.4,janakānāṁ ca sambhavaḥ
12.12.25-26.1,rāmasya bhārgavendrasya
12.12.25-26.2,niḥkṣatrī-karaṇaṁ bhuvaḥ
12.12.25-26.3,ailasya soma-vaṁśasya
12.12.25-26.4,yayāter nahuṣasya ca
12.12.27.1,yatrāvatīrṇo bhagavān
12.12.27.2,kṛṣṇākhyo jagad-īśvaraḥ
12.12.27.3,vasudeva-gṛhe janma
12.12.27.4,tato vṛddhiś ca gokule
12.12.28-29.1,tasya karmāṇy apārāṇi
12.12.28-29.2,kīrtitāny asura-dviṣaḥ
12.12.28-29.3,pūtanāsu-payaḥ-pānaṁ
12.12.28-29.4,śakaṭoccāṭanaṁ śiśoḥ
12.12.30.1,dhenukasya saha-bhrātuḥ
12.12.30.2,pralambasya ca saṅkṣayaḥ
12.12.30.3,gopānāṁ ca paritrāṇaṁ
12.12.30.4,dāvāgneḥ parisarpataḥ
12.12.31-33.1,damanaṁ kāliyasyāher
12.12.31-33.2,mahāher nanda-mokṣaṇam
12.12.31-33.3,vrata-caryā tu kanyānāṁ
12.12.31-33.4,yatra tuṣṭo ’cyuto vrataiḥ
12.12.34.1,akrūrāgamanaṁ paścāt
12.12.34.2,prasthānaṁ rāma-kṛṣṇayoḥ
12.12.34.3,vraja-strīṇāṁ vilāpaś ca
12.12.34.4,mathurālokanaṁ tataḥ
12.12.35.1,gaja-muṣṭika-cāṇūra-
12.12.35.2,kaṁsādīnāṁ tathā vadhaḥ
12.12.35.3,mṛtasyānayanaṁ sūnoḥ
12.12.35.4,punaḥ sāndīpaner guroḥ
12.12.36.1,mathurāyāṁ nivasatā
12.12.36.2,yadu-cakrasya yat priyam
12.12.36.3,kṛtam uddhava-rāmābhyāṁ
12.12.36.4,yutena hariṇā dvijāḥ
12.12.37.1,jarāsandha-samānīta-
12.12.37.2,sainyasya bahuśo vadhaḥ
12.12.37.3,ghātanaṁ yavanendrasya
12.12.37.4,kuśasthalyā niveśanam
12.12.38.1,ādānaṁ pārijātasya
12.12.38.2,sudharmāyāḥ surālayāt
12.12.38.3,rukmiṇyā haraṇaṁ yuddhe
12.12.38.4,pramathya dviṣato hareḥ
12.12.39.1,harasya jṛmbhaṇaṁ yuddhe
12.12.39.2,bāṇasya bhuja-kṛntanam
12.12.39.3,prāgjyotiṣa-patiṁ hatvā
12.12.39.4,kanyānāṁ haraṇaṁ ca yat
12.12.40-41.1,caidya-pauṇḍraka-śālvānāṁ
12.12.40-41.2,dantavakrasya durmateḥ
12.12.40-41.3,śambaro dvividaḥ pīṭho
12.12.40-41.4,muraḥ pañcajanādayaḥ
12.12.42-43.1,vipra-śāpāpadeśena
12.12.42-43.2,saṁhāraḥ sva-kulasya ca
12.12.42-43.3,uddhavasya ca saṁvādo
12.12.42-43.4,vasudevasya cādbhutaḥ
12.12.44.1,yuga-lakṣaṇa-vṛttiś ca
12.12.44.2,kalau nṝṇām upaplavaḥ
12.12.44.3,catur-vidhaś ca pralaya
12.12.44.4,utpattis tri-vidhā tathā
12.12.45.1,deha-tyāgaś ca rājarṣer
12.12.45.2,viṣṇu-rātasya dhīmataḥ
12.12.45.3,śākhā-praṇayanam ṛṣer
12.12.45.4,mārkaṇḍeyasya sat-kathā
12.12.45.5,mahā-puruṣa-vinyāsaḥ
12.12.45.6,sūryasya jagad-ātmanaḥ
12.12.46.1,iti coktaṁ dvija-śreṣṭhā
12.12.46.2,yat pṛṣṭo ’ham ihāsmi vaḥ
12.12.46.3,līlāvatāra-karmāṇi
12.12.46.4,kīrtitānīha sarvaśaḥ
12.12.47.1,patitaḥ skhalitaś cārtaḥ
12.12.47.2,kṣuttvā vā vivaśo gṛṇan
12.12.47.3,haraye nama ity uccair
12.12.47.4,mucyate sarva-pātakāt
12.12.48.1,saṅkīrtyamāno bhagavān anantaḥ
12.12.48.2,śrutānubhāvo vyasanaṁ hi puṁsām
12.12.48.3,praviśya cittaṁ vidhunoty aśeṣaṁ
12.12.48.4,yathā tamo ’rko ’bhram ivāti-vātaḥ
12.12.49.1,mṛṣā giras tā hy asatīr asat-kathā
12.12.49.2,na kathyate yad bhagavān adhokṣajaḥ
12.12.49.3,tad eva satyaṁ tad u haiva maṅgalaṁ
12.12.49.4,tad eva puṇyaṁ bhagavad-guṇodayam
12.12.50.1,tad eva ramyaṁ ruciraṁ navaṁ navaṁ
12.12.50.2,tad eva śaśvan manaso mahotsavam
12.12.50.3,tad eva śokārṇava-śoṣaṇaṁ nṛṇāṁ
12.12.50.4,yad uttamaḥśloka-yaśo ’nugīyate
12.12.51.1,na yad vacaś citra-padaṁ harer yaśo
12.12.51.2,jagat-pavitraṁ pragṛṇīta karhicit
12.12.51.3,tad dhvāṅkṣa-tīrthaṁ na tu haṁsa-sevitaṁ
12.12.51.4,yatrācyutas tatra hi sādhavo ’malāḥ
12.12.52.1,tad vāg-visargo janatāgha-samplavo
12.12.52.2,yasmin prati-ślokam abaddhavaty api
12.12.52.3,nāmāny anantasya yaśo ’ṅkitāni yat
12.12.52.4,śṛṇvanti gāyanti gṛṇanti sādhavaḥ
12.12.53.1,naiṣkarmyam apy acyuta-bhāva-varjitaṁ
12.12.53.2,na śobhate jñānam alaṁ nirañjanam
12.12.53.3,kutaḥ punaḥ śaśvad abhadram īśvare
12.12.53.4,na hy arpitaṁ karma yad apy anuttamam
12.12.54.1,yaśaḥ-śriyām eva pariśramaḥ paro
12.12.54.2,varṇāśramācāra-tapaḥ-śrutādiṣu
12.12.54.3,avismṛtiḥ śrīdhara-pāda-padmayor
12.12.54.4,guṇānuvāda-śravaṇādarādibhiḥ
12.12.55.1,avismṛtiḥ kṛṣṇa-padāravindayoḥ
12.12.55.2,kṣiṇoty abhadrāṇi ca śaṁ tanoti
12.12.55.3,sattvasya śuddhiṁ paramātma-bhaktiṁ
12.12.55.4,jñānaṁ ca vijñāna-virāga-yuktam
12.12.56.1,yūyaṁ dvijāgryā bata bhūri-bhāgā
12.12.56.2,yac chaśvad ātmany akhilātma-bhūtam
12.12.56.3,nārāyaṇaṁ devam adevam īśam
12.12.56.4,ajasra-bhāvā bhajatāviveśya
12.12.57.1,ahaṁ ca saṁsmārita ātma-tattvaṁ
12.12.57.2,śrutaṁ purā me paramarṣi-vaktrāt
12.12.57.3,prāyopaveśe nṛpateḥ parīkṣitaḥ
12.12.57.4,sadasy ṛṣīṇāṁ mahatāṁ ca śṛṇvatām
12.12.58.1,etad vaḥ kathitaṁ viprāḥ
12.12.58.2,kathanīyoru-karmaṇaḥ
12.12.58.3,māhātmyaṁ vāsudevasya
12.12.58.4,sarvāśubha-vināśanam
12.12.59.1,ya etat śrāvayen nityaṁ
12.12.59.2,yāma-kṣaṇam ananya-dhīḥ
12.12.59.3,ślokam ekaṁ tad-ardhaṁ vā
12.12.59.4,pādaṁ pādārdham eva vā
12.12.59.5,śraddhāvān yo ’nuśṛṇuyāt
12.12.59.6,punāty ātmānam eva saḥ
12.12.60.1,dvādaśyām ekādaśyāṁ vā
12.12.60.2,śṛṇvann āyuṣyavān bhavet
12.12.60.3,paṭhaty anaśnan prayataḥ
12.12.60.4,pūto bhavati pātakāt
12.12.61.1,puṣkare mathurāyāṁ ca
12.12.61.2,dvāravatyāṁ yatātmavān
12.12.61.3,upoṣya saṁhitām etāṁ
12.12.61.4,paṭhitvā mucyate bhayāt
12.12.62.1,devatā munayaḥ siddhāḥ
12.12.62.2,pitaro manavo nṛpāḥ
12.12.62.3,yacchanti kāmān gṛṇataḥ
12.12.62.4,śṛṇvato yasya kīrtanāt
12.12.63.1,ṛco yajūṁṣi sāmāni
12.12.63.2,dvijo ’dhītyānuvindate
12.12.63.3,madhu-kulyā ghṛta-kulyāḥ
12.12.63.4,payaḥ-kulyāś ca tat phalam
12.12.64.1,purāṇa-saṁhitām etām
12.12.64.2,adhītya prayato dvijaḥ
12.12.64.3,proktaṁ bhagavatā yat tu
12.12.64.4,tat padaṁ paramaṁ vrajet
12.12.65.1,vipro ’dhītyāpnuyāt prajñāṁ
12.12.65.2,rājanyodadhi-mekhalām
12.12.65.3,vaiśyo nidhi-patitvaṁ ca
12.12.65.4,śūdraḥ śudhyeta pātakāt
12.12.66.1,kali-mala-saṁhati-kālano ’khileśo
12.12.66.2,harir itaratra na gīyate hy abhīkṣṇam
12.12.66.3,iha tu punar bhagavān aśeṣa-mūrtiḥ
12.12.66.4,paripaṭhito ’nu-padaṁ kathā-prasaṅgaiḥ
12.12.67.1,tam aham ajam anantam ātma-tattvaṁ
12.12.67.2,jagad-udaya-sthiti-saṁyamātma-śaktim
12.12.67.3,dyu-patibhir aja-śakra-śaṅkarādyair
12.12.67.4,duravasita-stavam acyutaṁ nato ’smi
12.12.68.1,upacita-nava-śaktibhiḥ sva ātmany
12.12.68.2,uparacita-sthira-jaṅgamālayāya
12.12.68.3,bhagavata upalabdhi-mātra-dhamne
12.12.68.4,sura-ṛṣabhāya namaḥ sanātanāya
12.12.69.1,sva-sukha-nibhṛta-cetās tad-vyudastānya-bhāvo
12.12.69.2,’py ajita-rucira-līlākṛṣṭa-sāras tadīyam
12.12.69.3,vyatanuta kṛpayā yas tattva-dīpaṁ purāṇaṁ
12.12.69.4,tam akhila-vṛjina-ghnaṁ vyāsa-sūnuṁ nato ’smi
12.13.1.1,sūta uvāca
12.13.2.1,pṛṣṭhe bhrāmyad amanda-mandara-giri-grāvāgra-kaṇḍūyanān
12.13.2.2,nidrāloḥ kamaṭhākṛter bhagavataḥ śvāsānilāḥ pāntu vaḥ
12.13.2.3,yat-saṁskāra-kalānuvartana-vaśād velā-nibhenāmbhasāṁ
12.13.2.4,yātāyātam atandritaṁ jala-nidher nādyāpi viśrāmyati
12.13.3.1,purāṇa-saṅkhyā-sambhūtim
12.13.3.2,asya vācya-prayojane
12.13.3.3,dānaṁ dānasya māhātmyaṁ
12.13.3.4,pāṭhādeś ca nibodhata
12.13.4-9.1,brāhmaṁ daśa sahasrāṇi
12.13.4-9.2,pādmaṁ pañcona-ṣaṣṭi ca
12.13.4-9.3,śrī-vaiṣṇavaṁ trayo-viṁśac
12.13.4-9.4,catur-viṁśati śaivakam
12.13.10.1,idaṁ bhagavatā pūrvaṁ
12.13.10.2,brahmaṇe nābhi-paṅkaje
12.13.10.3,sthitāya bhava-bhītāya
12.13.10.4,kāruṇyāt samprakāśitam
12.13.11-12.1,ādi-madhyāvasāneṣu
12.13.11-12.2,vairāgyākhyāna-saṁyutam
12.13.11-12.3,hari-līlā-kathā-vrātā-
12.13.11-12.4,mṛtānandita-sat-suram
12.13.13.1,prauṣṭhapadyāṁ paurṇamāsyāṁ
12.13.13.2,hema-siṁha-samanvitam
12.13.13.3,dadāti yo bhāgavataṁ
12.13.13.4,sa yāti paramāṁ gatim
12.13.14.1,rājante tāvad anyāni
12.13.14.2,purāṇāni satāṁ gaṇe
12.13.14.3,yāvad bhāgavataṁ naiva
12.13.14.4,śrūyate ’mṛta-sāgaram
12.13.15.1,sarva-vedānta-sāraṁ hi
12.13.15.2,śrī-bhāgavatam iṣyate
12.13.15.3,tad-rasāmṛta-tṛptasya
12.13.15.4,nānyatra syād ratiḥ kvacit
12.13.16.1,nimna-gānāṁ yathā gaṅgā
12.13.16.2,devānām acyuto yathā
12.13.16.3,vaiṣṇavānāṁ yathā śambhuḥ
12.13.16.4,purāṇānām idam tathā
12.13.17.1,kṣetrāṇāṁ caiva sarveṣāṁ
12.13.17.2,yathā kāśī hy anuttamā
12.13.17.3,tathā purāṇa-vrātānāṁ
12.13.17.4,śrīmad-bhāgavataṁ dvijāḥ
12.13.18.1,śrīmad-bhāgavataṁ purāṇam amalaṁ yad vaiṣṇavānāṁ priyaṁ
12.13.18.2,yasmin pāramahaṁsyam ekam amalaṁ jñānaṁ paraṁ gīyate
12.13.18.3,tatra jñāna-virāga-bhakti-sahitaṁ naiṣkarmyam āviskṛtaṁ
12.13.18.4,tac chṛṇvan su-paṭhan vicāraṇa-paro bhaktyā vimucyen naraḥ
12.13.19.1,kasmai yena vibhāsito ’yam atulo jñāna-pradīpaḥ purā
12.13.19.2,tad-rūpeṇa ca nāradāya munaye kṛṣṇāya tad-rūpiṇā
12.13.19.3,yogīndrāya tad-ātmanātha bhagavad-rātāya kāruṇyatas
12.13.19.4,tac chuddhaṁ vimalaṁ viśokam amṛtaṁ satyaṁ paraṁ dhīmahi
12.13.20.1,namas tasmai bhagavate
12.13.20.2,vāsudevāya sākṣiṇe
12.13.20.3,ya idam kṛpayā kasmai
12.13.20.4,vyācacakṣe mumukṣave
12.13.21.1,yogīndrāya namas tasmai
12.13.21.2,śukāya brahma-rūpiṇe
12.13.21.3,saṁsāra-sarpa-daṣṭaṁ yo
12.13.21.4,viṣṇu-rātam amūmucat
12.13.22.1,bhave bhave yathā bhaktiḥ
12.13.22.2,pādayos tava jāyate
12.13.22.3,tathā kuruṣva deveśa
12.13.22.4,nāthas tvaṁ no yataḥ prabho
12.13.23.1,nāma-saṅkīrtanaṁ yasya
12.13.23.2,sarva-pāpa praṇāśanam
12.13.23.3,praṇāmo duḥkha-śamanas
12.13.23.4,taṁ namāmi hariṁ param
